1996/92106.96.pos,QmUVJ66dnoqx2CKdCGrBQC3TpVyrffWEzGreXdzuBpvT5X
1996/92107.96.pos,QmYiGq6D2ptcr2M9E8DM5SMveyU4HhbPYZDr7DddyLLcvM
1996/92108.96.pos,QmRtrt6c8c8C61wcwMngUBYnZ8DADmNVThNZWMnn9hBAdi
1996/92109.96.pos,Qmc9UBz43ftkCRccuiVjBkD6rfWc7KfDxataGTvhQgRTWg
1996/92110.96.pos,QmcrRgZECqC93f9PXXShBegvAQ2BWcYAvwv925SzjAtPJf
1996/93001.96.pos,QmTMc23BWPGL4W3RTrJDGBoYQfPbzXWhwBUZ4ZmWszFoFd
1996/93002.96.pos,QmPovRApvc8j1VSpo2zN6MAa1ddqWNhcZsEyNLPQdwTmMw
1996/93004.96.pos,Qmec466euwduhJ6q4ajYC1vXTefLzohSPP1T6Z7m7jQmkX
1996/93005.96.pos,Qmaet63MRn42DBBPTPFszy2hQ286rYKPAY1XLcUR5bNQ5s
1996/93006.96.pos,QmWomS59onjrs48PnSjmgCPztN7p9myu7LWGqdKzHVq9eY
1996/93007.96.pos,QmcEXqLfiRnBpRjmw49buZy3tZmmZ7K2wkJw1pBG4tWH45
1996/93008.96.pos,QmRLFBZci2ynFNmFNdD4pneVwmGcJNCZTKFdxkQFJboNux
1996/93009.96.pos,QmSUWg2mP6rwTgK2EkmqAubFqvUHJDzPrAbYWnoGaC8xyw
1996/93010.96.pos,QmTWGNg8Y7wNrJjyekBmgiMoqLMS9e1zNeErtmYGeNtMMq
1996/93011.96.pos,QmRneCBCQ31H4XCdgdxodjwP9D8hrNHTsiJB6Gywgs6V31
1996/93012.96.pos,QmXEYyDrBgE89mzENM1GpvnKJQHRQkmyMRnwj5mDCMtM7d
1996/93013.96.pos,QmP5Ga4K7KWJh2qXi97dBU3Ce9gqSA6PD5eAnHaxYtQKvf
1996/93014.96.pos,Qmb2r1YjLd3Vge7DLgYi6xEX3sZfwVpnuonJHJ21MDs14s
1996/93015.96.pos,QmcH1X6btT1ycEqstfDZYakxyn5xCm2dKgBUSCAS88AQMz
1996/93016.96.pos,QmaVVUxFbKku3q1iz28bnFq7PAK3dDuC9oP7abBDhSd3QB
1996/93017.96.pos,QmU14z3Jshx2pe4dvngkQiWppmHCNZt7DigLv4Dgxf6FMP
1996/93018.96.pos,QmRz7awjAX2mQWorjgKTf1Rw7QQScsMRWURvXdkiXkBEwg
1996/93019.96.pos,QmYoscyz2TEiBT1X56rEYohMfpCtsMDLD3YJGYvEXwkacQ
1996/93020.96.pos,QmeHTpgCkqS6WxPu48Lb2gMmegUsEfyHxcD6m9dFbm47r7
1996/93021.96.pos,QmcpjPs1C18mG4AQJUTPvPx7K3c1s3XMu4DvTSKf3bYYVR
1996/93022.96.pos,QmZvjjrrc4Tka3mFLDkFEi5ms74SaFAf6NGGvhsq7m1rFC
1996/93023.96.pos,QmWCV9b12zwbvw34ZkDjnhM2JUin7kccjzxjwqE6ex1rjR
1996/93024.96.pos,QmNyGy9RytNpMzM6BDP1sN54E6o8DzT8W8WDzL4gvLqG7u
1996/93025.96.pos,QmZCXYX4wTgUbFjCQrnik3jsqFAdXjcoynxaGgVLMctVMS
1996/93026.96.pos,QmQ5KMKXWJsQV2ZMUttxDpBFK6EjcmkCKtTT1hPB3X6g8m
1996/93027.96.pos,QmUYvfMLv51pDnE2BztoC9crzeSXhBnxy75e8YpChRhFTN
1996/93028.96.pos,QmbU5zLtdnFUxsqurzw349Wz6mJ3TNz8UVHeHksEgngVBt
1996/93029.96.pos,QmWhtuSkAmhwnArfB7EeQgSPwumbzLmZkUqHag5pFYCbH8
1996/93030.96.pos,QmQ9jMvgwB2g3TowUh9oFqQZicwKVvDAYJztEAzntLnRNX
1996/93031.96.pos,QmXXavZDsBzonwtT64nPcG4ZRufyCc5jebZrLjrE8zBpyV
1996/93032.96.pos,QmdD1bhZUjUBQV6xVUr874Rmc2ZzsezWEu4ySBenYoKqep
1996/93033.96.pos,QmY9Tew38VTrSjW46d5gniC55dPnS6GFaj5VR8nL2QnZdk
1996/93034.96.pos,QmP2UcsN2NBt9fDSUa6zuWnx7rFYa6Vv9ULPL2ndr8cmps
1996/93035.96.pos,QmYFkFugF3oEJBHjJGdDMHN1F98NBVJCxd5mnnScBwQoZW
1996/93036.96.pos,QmTd8ay3BcjTwcjou7dxbJ7w1zQvFo6SQAn4rYHiLEveJ6
1996/93037.96.pos,QmY23VWUbqcVpfuWqdELurUcxnjvT6vp1g5fw1fKjyCGNH
1996/93038.96.pos,QmX3q21kR7Pe1d8XCtk4fAmRmZwKjfpnSfah2sJ8zSXDZ3
1996/93039.96.pos,QmNZQyq4Hxs4tkr2J1PUdsDfMw7qLExnuRCFyVKyH5vRnN
1996/93040.96.pos,QmXbUPVtyeXbiB24zkFzCkjYsaj3GotHS2syet9oaEMLcg
1996/93041.96.pos,QmZR6aPs7jTqdCZJ3xKVCgfz9626WEqL2V2BpUZ4CDCx8q
1996/93042.96.pos,QmdXaQjmbQUdW2rZKDQHAS11fDfGSWE7Pcoes9bJrPrYoY
1996/93043.96.pos,QmesWyLM5T9NthDQpXmy5Y1Zu8ByAFyq8WoWQe7as5D7Jd
1996/93044.96.pos,QmTFkGG99EiUUiXydDubt5qW9eB123bvoGeGJXMxZ8QyVh
1996/93045.96.pos,QmVQBa3nemcsATVfZ22j5p8gX174jf1DcYxR9AoveZWGPM
1996/93046.96.pos,QmTsa7i4wMa6nZYZ79wmWwdr8XiADPtZ2vYRSdtZWzqVpz
1996/93047.96.pos,QmdUgHSnt4Rk8fVSc1WFrEbnsa6XyiXmoEfgbPG2hRPNmJ
1996/93048.96.pos,QmUtUs3xbCQwyvn6VKLEGWiJMYLWtFxEKY7MidoqJekvNX
1996/93049.96.pos,QmYKLgSVb3Ag2o17kp2GsmWVt48mqJxcpU77ZyzixdBu3r
1996/93050.96.pos,QmRQKbtgg4GmruMKjUoQKYbL2qoNHQJJHiARaWkRF3i4Ej
1996/93051.96.pos,QmZPLHobzmzD3VS6GeTR7H7pdegAGb1mGWkEgLs1KWcUxV
1996/93052.96.pos,QmdMBJn51graSD4PcxRC9w23v44FmkJRE7KZ1KQzwzDP3E
1996/93053.96.pos,QmbheTZGp2QZVW9nkRFf9VinihTLnSZvDacH9uo8cue49W
1996/93054.96.pos,QmdYPPBj3czHVjxKNcpKdTia42Hz8UkWhXTfnapYJwibBz
1996/93055.96.pos,QmTctNLDBTWRPvPpbKHPoKDoSTUdpuuVKXPavqPrCk3FPs
1996/93056.96.pos,QmXMAiTGH7dwusWmvtWfXZVMmBuz4mKyXkqz246RHHHYW4
1996/93057.96.pos,QmQU3hVEz1d1NyYRdhQwadx9r7PaGp2TDuLJDXPnjTUpip
1996/93058.96.pos,QmdS8cgSjHhfo7fWZCUisVsZyrrQSk8s9Q7jFPjXjdUy5F
1996/93059.96.pos,Qmbg6UKUBffgnCJmqrSR189PZWaE5jKzK4p6Z24rJ1CaCv
1996/93060.96.pos,Qmbsoz6wcbZTbzt6iKTo9sW4nQWm9NsNjpBE9HzwkJkbov
1996/93061.96.pos,Qmf3rF7kyRSm1hJtegXg3Qrx7qjqZjWsgqh6cyGNVGLUVn
1996/93062.96.pos,Qme9dCBg5fhQ4VAE6TERMj2LjZS4GuB9hoZCyDLt6zsZ4w
1996/93063.96.pos,QmR8Be9uCxN4TohDuhcdSLJiWu6pGdGbG3G9nEJArxAPr9
1996/93064.96.pos,QmPL8VYRUrBE9MpT3enAX1ck66q9PaCAi441FFAWx2ArbP
1996/93065.96.pos,QmdWNoapVDXoKNbqjoXMdxH7ZjHA2sC3XmvQKnWZzDgif5
1996/93066.96.pos,QmSQiHC1xtAwP78aQVJzhBZp64JjBJ25F83XxTq6mHwKDc
1996/93067.96.pos,Qmd5YUDitSaxopxCpkjM4GVgJ5dqAvh2cYUZ5sGcNG3Nuk
1996/93068.96.pos,Qmc4AUKB93fb1Mgtq2Y5e2heBKAERsSALRcPjs6mHynTe4
1996/93069.96.pos,QmSVvwrGbehBjy3hYb36gJdymQ6Z8S6z5jQGnj6JtDK3ZP
1996/93070.96.pos,Qmans9Z17QeSV4HejJ58cp9ASDFXegR8jRnXghKDELo3WH
1996/93071.96.pos,QmUTWpkKtjqjVdyGs23V4rCBNdhyE4VLEHPQbEP1YnvSmA
1996/93072.96.pos,QmT1okbTiVyUb5mjLjeXqRfXCmqAespwhA6JGNz6XdaBxT
1996/93073.96.pos,QmRNVTE9rA6cDxwdVJJGyspqAPL6aJUF6bvx3gg2TrKVyT
1996/93074.96.pos,QmURDxSXpRxm1iKweavkSwb64dLYGTQ3MFsNbVfrem1ovC
1996/93075.96.pos,QmbZGVqiKhYSV1hxk1eqtjr4nPXKsn6qBMVcuzZYi1j9Vs
1996/93076.96.pos,QmRzzcfLXEfrJMsaKHndiaeqEmchKHuKnqn5BBdoMXDjMq
1996/93077.96.pos,QmYX64MWXguRzJ7UApswWkRoNW2uFvpsQkswQM2CJHYtaw
1996/93078.96.pos,QmcgV4XLcNLRz7WJ5tcgXAfSRo32pgWXjod95bmH5aPEWx
1996/93079.96.pos,QmVxrD3uGcAqf1LmTzChM8jmtWSqViXB5gHU2Uj4LruRix
1996/93080.96.pos,QmT2Ks2ZCbSB5heQHsWnrSYEXKWL9E48etzAuVpFuA2vkW
1996/93081.96.pos,QmRjc32koH2yRSYYw3o6aG4fCBrxf3BAWJ3vqZXSaibmfz
1996/93082.96.pos,Qmagv4hnXKSgkbfYh6QBAKwGKeZLcbDMHtUU4CAeABm1Ng
1996/93083.96.pos,QmZn5ENtWtVm3ThVi83eUQ7H5eApBrqFD1dqnAKKDKowVS
1996/93084.96.pos,QmSFcSakbpy72T7TxQdYdorVXFy7Y1g26MMWBi36UWy8ae
1996/93085.96.pos,QmV6HmSHfDtWXHjrFSgaMvwit2jSyRobAdHghBbf8efKtd
1996/93086.96.pos,QmbSmFSop6tKmSkrdvEN4eBJQVUUzzJe4vmFXkFpcG86ot
1996/93087.96.pos,QmdHFqWSYdgcYq8j3cN2Kr4HAtnwnKSWXD3VLcqH5ortVy
1996/93088.96.pos,QmS39YrNgLPRjwW1fyc6B3C7eqMosb7Q2okRKo5Z1aeik3
1996/93089.96.pos,Qma7QcvDC92cmNqeyawVnU5TntxdevvXNh7v7XCCiacisT
1996/93090.96.pos,Qmb5dwNNopApmbiU8E6MCcFDtjfBT3N7GrgN379omc4s74
1996/93091.96.pos,QmYQndxjmGaMFuHV1rDzhYAuuHSiDAn1VcpLpMncuPoWrm
1996/93092.96.pos,QmeRUTD5S48qHyC9a7Mzsz62bkBXx6orSqaK7Q274gMvkg
1996/93093.96.pos,QmWdVh6T1GE8oSnGVhNYsMRzRz5LxNZTYw8Qh2u2gD38VU
1996/93094.96.pos,QmSpJUEJtn92y8pEipfqkCcybTsYax2UbebUYDr1pSpQM6
1996/93095.96.pos,QmaEwr7pLxAs3iXs3HrxdD9zf1YfjAqqzvMjvfyJi5XAmm
1996/93096.96.pos,QmVY7sgWXJQojaaWJnRXo731RfmcMacJ1AaM7qzmAtJJjd
1996/93097.96.pos,QmUaTBQinPNiAaQBRczartVGBr14vdwNXtXwvy6SGknrCC
1996/93098.96.pos,QmXuafSXFMYPu8sQCA5jdE1SLKRjf3YBdFGNBxHs7uZ5Mb
1996/93099.96.pos,QmY5dhwMYfhnN7N5Y597XFg6A1HWVqqncY5ZacUXCwwLRT
1996/93100.96.pos,QmU4wwue7twYqDgzL8vwEANYMnThvxtuYPStTGsNRogQ9w
1996/93101.96.pos,Qma5vWvT4qwtSM4vm7Ude8YyH41PfGuTk7agxngYgLTwaV
1996/93102.96.pos,QmYMNSvgmaUhvA5VLDjoFuxkcT2CahTmjjybNNte1RzAgT
1996/93103.96.pos,QmfHvoTay7TA3T3GYWDHbxY83uBqpTzL4HnWpQ47HvY8b5
1996/93104.96.pos,QmRJWxv6w45F3vA98gWn8QN1hVgBpx2FtouBXTJYejaHvL
1996/940001.96.pos,QmeD5NvgYF22jPT4DaHXxZhQx3DB7cWbnx7tvcVjZcUjYY
1996/940002.96.pos,QmP2n1qUXqVnwfvYAEwL9bsBEuLjjfnSZmpFjtAYp8REVP
1996/940003.96.pos,QmU7TfpNBCYUMETnfeb1o6g57cQDWjHZt1tar6d7vNrqKe
1996/940004.96.pos,QmeL2HoK9MRTKzytFuPsj3fxZWhR8wCf7ZCuZcr8GckCg7
1996/940005.96.pos,QmcjVYfPH5b1184CGnUnejRueBsMWNUQ5vE5Se67xwvA1p
1996/940006.96.pos,Qmef31TKTdpkQqBw9d7uzWvM6NTEh451u2qgAeYggTehN4
1996/940007.96.pos,QmR1NC8mEWkzab15VqvD2texQc1Tja4n2AGLvPDmiMZjsE
1996/940008.96.pos,QmUrMdRchjAwDeD66PKRMhnU2wwJRLeL6p7J7rcqguNCWY
1996/940009.96.pos,QmdGdp7EaWKRazwdTnJcb3WFJQ7M4FKcHmpWRHmMR9csXz
1996/940010.96.pos,QmU4qRsQFJjDaVkGDxwzCNeGScrdDnAyjeJXgW7sVSN82P
1996/940011.96.pos,QmeRAgFhVSYKCmjBtKSaUU7vXkDhV7U38mP7dEr86RCoWz
1996/940012.96.pos,QmYYbL2eB9aSkMTQU5SrVuti4TzD6Hreb93PjAnEmMwqjX
1996/940013.96.pos,Qmf3tozuyYqggVm6oNXT9S6wZdkLLvg1JmAjVMADwCwpL7
1996/940014.96.pos,QmSo3BS5TRHx2uWKgMat4FcLWwUb6nKfin1kEcbLES7eB2
1996/940015.96.pos,QmR8xHVxjqZzcLUKzVeBCZhRnnWSHvLfi4FjLKoP4kV1t5
1996/940016.96.pos,QmRY2bSJC4E2P4UMv88VSjME2iWtnJtu5be4dYDCmq9Sgd
1996/940017.96.pos,Qme5NuuQfpnw5poSBRnk25hKmH8pdQD3NB5ADEH7sT3VsZ
1996/940018.96.pos,QmRoBipvETDkquVCDhV8XUb3QSvSrScyBS4VbKTxGKPsim
1996/940019.96.pos,Qmb4QjiL7AstX8ZJTHPoTJH71njFgWBZiQMddpmt39BQrW
1996/940020.96.pos,QmRqSTqts26wf4dt3SjUgRVraAMXmj9wbkMYh3NR8w2qX6
1996/940021.96.pos,QmNSAHdEPoChe3aRbco8juwxGLiXbKxXQ5U5rd5bF5gZ9b
1996/940022.96.pos,QmSBhKQwG7u5ZyS1SiGwbz52coYB6JYUJdHsJGDmrEmhjF
1996/940023.96.pos,QmXdcw2RwSwU9WS6W4yQjUVxHjpyvUGyVJajC3RbdjzY4F
1996/940024.96.pos,Qmb2wRoEsjRMgB6SrxaQCqaU6Ggng86gAc9p9YaVX7w2tk
1996/940025.96.pos,QmfScYRjgVD76hqFC6734119WT2Kp7NFcMg7KnhQWfyhX9
1996/940026.96.pos,QmYkSQ9r9wE4KNSHnpJ3uvumnRJCWKcW32cJ8n8ZNeLgjJ
1996/940027.96.pos,QmQEV53sq4c2EkWwaTZs7754ncWTs6X2LSYW7K76iAznTc
1996/940028.96.pos,QmXx4YWuapmA7sictQtQMBK6Mh1Z1uQznLPjoWvzZ75V5D
1996/940029.96.pos,QmdcRMRjCGxQY3aMi5ZeHjYZkg1vwq7xsDDb7Q9vxFsuCj
1996/940030.96.pos,QmQ64maLj7Hs5UYshkUo6J8qFTQAeN7fZPhJcNQNATm2At
1996/940031.96.pos,QmXyocgGnjtWwGHR6tbo1iWCvK9mmMAuy4LT2rAYbNEvhy
1996/940032.96.pos,QmWkbdVpxwqPmJNhqdGtBgKMXRznTA2EPzUWqBPkR6REQa
1996/940033.96.pos,QmdiSnWnhf6bEKZMB2m4sA8tYSg97f9iJC91asq3MNybMt
1996/940034.96.pos,Qmar5RizaF81DnZdh9zwPWSui6GBbCmzLEXKWyWNd7iUeB
1996/940035.96.pos,QmaAjE1Au1grbYHZytSheb3XvdTT5XCe35icQZKs5DE7TA
1996/940036.96.pos,QmR4rWGkUEPwKAky2oCiEnXrxtpeaFBdkpUhTTU9P5dfD2
1996/940037.96.pos,QmRfWJpXRAQaafG5EWcSdF2FfDZoR8kKdkX76wpMxvfFjK
1996/940038.96.pos,QmPbj9a3upcuBXkc2233mfmY5RtWtLKg1ajcmaYQsHroRR
1996/940039.96.pos,QmaNZbSeh5Se5wzZywXXjp2ZRfqrYtq1QSGq4uiMk1AUhP
1996/940040.96.pos,QmRvDfFB4eWrFyrkRyEkjmgVMALoGTj7eSdEUrtJLX8Udz
1996/940041.96.pos,QmaK7A4kwQ835r46kbiig7N2GTwoioAJpjVaga6YhFYdzU
1996/940042.96.pos,Qmeabzdk3DG1XaCoMn3PoNTRuS3SLCZkFKcb5d3JE9ZM35
1996/940043.96.pos,QmbftkV5gxhhXH9KPzwZKhc9MAeEBaamaXe2cDN47d2Sot
1996/940044.96.pos,QmeqjZEKND6g8fBuGo8dmprygqYcg2zz7iVC6iMewvWxPi
1996/940045.96.pos,QmYKxgAShFhPLMeidMLp9tsBUkuPzyYAr2dgTmcRtkhUxi
1996/940046.96.pos,Qmd6F1faihdFnNoJbP3grC9EsCqA2DRcTb4F37xNcZiWoy
1996/940047.96.pos,QmYbGDcLGGXR3EuYBp39Y94nGy2DH6pS8WUJ3WNKWYUbmR
1996/940048.96.pos,QmZtVvowPQCb3RJsN57CkZ625jcXddj7z3Z9d95tMLVkSC
1996/940049.96.pos,QmXz2fxtkZomv2Vh8y6UuRA8xaHMqfNqnkVMBjWr6ofams
1996/940050.96.pos,QmXyQnPnJjcoUM4B4aU3tbAdDUnB58YCxAGf5fGcJoiVfc
1996/940051.96.pos,QmSwuYHXvKsL15deKmz6xbgc9nASagqi87HGooV4q1BLn3
1996/940052.96.pos,QmRf7xShtngw33L9dfJkoEx6oGG4sxQF3LUirZcPGVq3dX
1996/940053.96.pos,QmfRWLa6AjHRWXecGMRkGdDGeDVSHFHAXMVSiBPARtAYF5
1996/940054.96.pos,QmS2Ui7kRtDr6uXqoKMAS96SWsuGrHFNJi4tNHAtfeijMC
1996/940055.96.pos,QmWY8Tsb7VGNgAbh4No6zgBw2WB8xhxUFa3W7LQKAWc4e4
1996/940056.96.pos,Qmau9XVvTRZNLRdCg1GjtULydPF3sHrNYbQreb75TrxW99
1996/940057.96.pos,QmbEJgwuRc7nJxCYJrM46MLEUYyJWjgBPjCV5Nr5Fwy9XN
1996/940058.96.pos,QmNj5CHREcTySohhMNBspMygn9Qo2j77WgHHCf4zKm41Se
1996/940059.96.pos,QmNTAYHx7zFVifhbwqiCe2DnyarJTDGn6btdQqRsaPAQKk
1996/940060.96.pos,QmUcEqjhNmzmdJcWiSd2cyQEHUrANa8JkGk1ubFVBWhRTk
1996/940061.96.pos,QmNz7v6mVBE1QQmBnMyqzqyULU8MubDcRAx8d9r6zV9Gc9
1996/940062.96.pos,QmNxNnQZQyeY7G6pNQ8G2JXdf1BJ2NZg2pLZV1Lu7FPkMX
1996/940063.96.pos,QmYGCdaSXNzPKrwJ9gGVchD3KpAJsr3aRjEhaJamqnNM6Y
1996/940064.96.pos,QmdVavXWvX9GgqMzEWoqD2oZusPGS7cChbrRSKa4a719q8
1996/940065.96.pos,QmYyTfZLz4wCVACjHsxqW1hvyV9xoy54Mui472PdhjCbqG
1996/940066.96.pos,QmSpGxmwQ5Ltr6kvWTKnH1xYy7TCYW44BxyazYzhwtfJjP
1996/940067.96.pos,QmacHyQYbWxA3LB9FZjhUAW8tttqwapusCBqUMHocterFK
1996/940068.96.pos,QmbeGPTiMSXzmpKajZRkuGwXPUJQ2PeJMTDQ9mftv5F8qx
1996/940069.96.pos,QmUGV5PJ4And8hb3RJnNJZqMG1SXjLDugWBD1inWr2n6jW
1996/940070.96.pos,QmdGobNkfN8M8zc5mZU7LaSMoTkQXFUg57nphqE3R2yvtT
1996/940071.96.pos,QmfMAAvXRUionpRwGBfuQpTya5TqjNKjpGWdKLqTQgjSVD
1996/940072.96.pos,QmTNpZ3eUcqAG9w6hzdBvgfz58n5TxCbNwGBALFE11pzvo
1996/940073.96.pos,QmNjrjxMWRXdFjGTspqPeHV73awPEYcW8yCr9dfLwHm3gk
1996/940074.96.pos,QmfFSpXtSXPM2Bxz2CBgrYipBZ5dbFMv5vdReAM7hDAtxQ
1996/940075.96.pos,QmSR1wnzSFq3D11bSQJv4Nb2fjoYixJyBSDTTYYKfPpAej
1996/940076.96.pos,Qmb2vfvb4iXHTKb4jdhnH4Brg4vxpMPjfeDB4U1E1GuVdQ
1996/940077.96.pos,QmWPj5Rrmgr6Mpk8eXHoNKiami7XoFRcjaf52XB3QnoaLc
1996/940078.96.pos,QmX58zi5vPL2KgVaAgjPjruapE54yBDmHx1FSkwfq14vFF
1996/940079.96.pos,QmVGb2MJKHgNuMzzu1jyFqc6mov428dMyqtUDMiSNWat4X
1996/940080.96.pos,QmRdpbpWo8w34Cqzj5MtaMimeigKGmF9rngja9XPZV7Rsn
1996/940081.96.pos,QmeLSWRKTs9MVphpGmEHPVoKwr2pjsEskspX9b8ejXu3Hr
1996/940082.96.pos,QmPHs3eFwCrpLSGFLDaygdhvBiwskCN8zNEBF4k924Xn65
1996/940083.96.pos,QmRMrMBg1sm4jCL5ykrD5rfskFNgTrFQAFj6ESWYD7hVni
1996/940084.96.pos,QmWWqA7J49gPeqHQBqUhDkArDDrwNWpkUidFv46coTZuEa
1996/940085.96.pos,QmaDqHdoYf5fM4p6wBRcMBrPP11c1eJimSQSy85Uz3D2n8
1996/940086.96.pos,QmUXavuQMxDPFbry3G6BADByQzoX4cN8LMWFuFd5whEpvA
1996/940087.96.pos,QmT3BABmKARqHt9Cdz1eX8trhwVp6tCvd2aAW3LeMQcKe6
1996/940088.96.pos,QmbQt5sbxhK9b2MRzrzRFd7idhhpYaZbVvVCQNVRAs8rVD
1996/940089.96.pos,QmZnCRkVuLQ6YVNXNTWvLLRNsu9S3pCCMaCLxZuLnQXn9h
1996/940090.96.pos,QmUYVBkFw7s4f1uRwwp7pdskGKSMyWbzT8Zjn6ukJc8g6k
1996/940091.96.pos,QmRnfkFg33YVNeQep3jUyLHNt9p4n3fhf8GfGVUV9FAdZz
1996/940092.96.pos,QmWB1bWVCzPZMh3XsT9ofAX2ymWNMyJtXV9Bnmw29DiXGr
1996/940093.96.pos,QmVK2uArTg23q1qcGhc59eSM9Yk6kFuuV59gH1xwZMo23o
1996/940094.96.pos,Qmc1UQ2QR4jVG9uv1ACWc6n3fZgdtgHUDRTaLkgYfrds68
1996/940095.96.pos,QmPceDeJxwhdQEn81mC2qb9ZHP4fwZYmuhKrSyU4RLDUrP
1996/940096.96.pos,QmQUjonAMAbytJHPwjiWXDMjS319yqyF8JRTqopGVDvvPj
1996/940097.96.pos,QmetrmZT3wYSzAV1VZGQQdp4sgGGMCkZZUWUJmGPp8rbwM
1996/940098.96.pos,QmeascroCFXBge6nnWJ8P2tcF96WvBVZHgeWaYcfkd5JEN
1996/940099.96.pos,QmeRgP5Tt5ZgLFMNF9CfSnuwSFfh5zofivGRndyA43ste6
1996/940100.96.pos,QmWCG8ke3rb8aEvqCvCgUeGmvLCMTRAz8Pp7iNJTnqaUXN
1996/942001.96.pos,QmRPmCX61kKTqgMnREsNhnMJa2xpXBVutYLfUzoAPosNns
1996/942003.96.pos,Qmf1rfT7N51iBU6ujc7g2hzc3zJB88JvHVmZCKorHfWPHX
1996/942004.96.pos,QmWqv6SruKWemrWgHN1EAHmioGxnKqFvmrAugWzGKh784t
1996/950101.96.pos,QmRtR1G15jJEQqR9NMgpVBxkWjEcg5xf26n69GrVePeWkb
1996/950102.96.pos,QmcVvsLjdkE6z3vYypzdRbcCJEoZz4svkUKLK5TojbR458
1996/950103.96.pos,QmQQHNmp998jx57iqwYtD5pJoZhVBhzbq8WHvMhjN7N1tu
1996/950104.96.pos,QmPTBqHP9Mh3zRwogQit5KER1Uj1jJhVDCuQodkjrSu2sh
1996/950105.96.pos,QmYfNVoXozFkgN5z5zwTdhijqoMSPJsEtrweSs7Rumyw7Z
1996/950106.96.pos,QmcRgaLdqiHj8smcVtg62EF63xojq3k1jmxofz3tHsfs3i
1996/950107.96.pos,QmW1VWogCYpriN3RsXrSapj5SjZ1mfNpneBGYxqPuQbCLV
1996/950108.96.pos,QmZZNKhAsA9AfqSkjz6pzM3TwHvbn1f1bQAz8Bus5BsFiJ
1996/950109.96.pos,QmYmAbpTWg2KuepPXhd8RfxgnbWmCzykEVKpQDtzxw4QxU
1996/950110.96.pos,QmadakLZ1h7vjp8cNvrmPBhrrKusk8pLekecLx8LnuaNdR
1996/950111.96.pos,QmVk2pYZKkSmjj7aYmgjhqaFZ26UpR9t6zJcLoTN2rhYCb
1996/950112.96.pos,QmVLxkYvbn3NxLbW7ag15tbfgVs4wLeBdAuiUwwYUqMzQA
1996/950113.96.pos,QmVwLjWJ3WZEXwkYjdf8vg4jAU7fV5e9xQCHD2WgwSsN1E
1996/950114.96.pos,QmXUxLnsxrWDcyUQ4hxY2XPfBvHHuM9Zgjty6xDcEAqZJe
1996/950115.96.pos,QmQEpJMKcKwZxG2Qm9CPwDNqyC918h3HBnxkvj5CBZK6ct
1996/950116.96.pos,QmTSevz6DxSjycK7T2xbEAtmFGXj9Jnz1JvmQEf2eF6cmi
1996/950117.96.pos,QmRwxgegFpHDgEYbbU7F36PGPhNA5wgJg9FzwqAbecr8SA
1996/950118.96.pos,QmcCNYsQSHEhWoPxFUjHBy5pHzv5tCq6T2NMjbMn8yMSc1
1996/950119.96.pos,QmSpGfSAejF1a7ANYQoDKYoKQY3FjdHYvZewo92uDbCoFU
1996/950120.96.pos,QmY4cGxQjhwv4vw2r66o1C6zkgPDh3NQCceZZFRFA6PMoW
1996/950121.96.pos,QmdPk1qQZDgBR1ADfeuxFnYpg4gvyY9pxnmQaec1wc4DpW
1996/950122.96.pos,QmTzdaKf4s2MMBkWnEeh6G98bZUwAse8N4JBe1C78LCcCV
1996/950123.96.pos,QmYSzADJMgwsodUEFXBFRuwvbuTNGWDVxEBmELD2PNxpzA
1996/950124.96.pos,QmTWqB56Z92k16DL1xEWjXPRqkbEABdgSfVfKw1oncH9Mw
1996/950125.96.pos,QmdtsW6HLyEwbfiP1fGgngfQbvLQDacufyWkCvD8pUTh6S
1996/950126.96.pos,QmSGJQVoLAPCAWgvam5g51E7JChG4eAyvP477embDGsSpC
1996/950127.96.pos,Qmau559mJquswpGynaZ5rUokmeCo4JvdBnxwFiMrHvC6tp
1996/950128.96.pos,QmV4UbCEU7fvveiscEWxyNjPvCdt9VqEaRWuPKd6FGbrwt
1996/950129.96.pos,QmXnW2LYg5r7F2mtgCemkfqzED14KnzHZiVZaW3DpZ3FTw
1996/950130.96.pos,QmRBUf6rjLMrdH4dhi8ReKZeu6VqAqW9NnF33NeuZZ6C9t
1996/950131.96.pos,QmSLkmXRQPUAtDvcXK6iqAFxUQXMXjQUgJoaRLzFwwLWk6
1996/950132.96.pos,QmerzThDZYsoMHE1WHePQCVvGDgPSF3GY5SLvtzq7iBZb6
1996/950133.96.pos,QmbTLKn6BmC93HmoGahSy6fjuktfpNbP84VcLrrXkjXrc7
1996/950134.96.pos,QmYiNJTLsgiHtoUo8dpFNEEru2jTuA5487oKgbvSDGcyFq
1996/950135.96.pos,QmW7k3dzFBfUzucehR21v3WD2VhyvkoCvNLokSQfcyg7jo
1996/950136.96.pos,QmYRCg39McyoAF7EWX2KNQFGSNEANN83QWuZfgdNAEJFNC
1996/950137.96.pos,QmVo57cUxTZi9XDvzMQ73ypno51LBqiNimMUSShYRph1Tn
1996/950138.96.pos,QmS1pbgrBszyRwbjtNjjzGP9G6WURnPj1Cft6FpZASfPBL
1996/950139.96.pos,QmSpaexdnntPuLxvwzMPWe5fwCg2pd23Zv3Fk12ksFcZsk
1996/950140.96.pos,QmQ9XnBjUH1ygLyHhAAWKWdwXYaX66qDu8FsusrjL94SvE
1996/950141.96.pos,QmVSkiUco96KRH2T9c21KSXaURSMWpXaKkDt8pZJhkDErJ
1996/950142.96.pos,QmP2h8dpxB5C8Eu3cpNVwy1YQ35A2FBkES6kz6e7sjRZNQ
1996/950143.96.pos,QmaYCD5B9se7UNCCmx5yfb12pqWTdPyrWb22M7QWCzZVS7
1996/950144.96.pos,QmXncZcbXJMrBZSYxN2SCCPHjRsmXbzESGH63EFaBTEhMT
1996/950145.96.pos,QmUWx7JXmbKxAWr5nFYLA5mD95aapR3VwRbW2cYGuZkmsX
1996/950146.96.pos,QmaBc5a9LazfNdmL9M635NAc9De6zvagGdVBUoArt5F43A
1996/950147.96.pos,QmXqSpeVUtmvBXDsfBpTRUcikN8usjyf1pDA3r4cohMTHc
1996/950148.96.pos,QmcdaFyZcqJXWueencjkSaPsxuqFw7jFULgiJ1NQKerote
1996/950149.96.pos,QmUTsXRD3pqa6hBynVa5MahUjmDrHwJLWEBzxQEewuMswQ
1996/950150.96.pos,QmZNWxxc8iDXQ2TzuWAvP7B9wXHBdnu1JnvAHwkKikS6hX
1996/950151.96.pos,Qmbn6gadH41bMMxoDkDf1Jjuio58R9FA4a54PP54WroP1z
1996/950152.96.pos,QmbWziM1ADmzfoXAWRMa6oL24LfiEk6Y27GfCvdcXzFo27
1996/950153.96.pos,QmcV1b5yMsfL5JNBhuSS4YE5RDpPwdBHFBsU98fS44VXZ4
1996/950154.96.pos,QmW6C4A14Pe3MHrWaLiVe8SndcJqbxsevr2f3WAPp5Z4cN
1996/950155.96.pos,QmXjnMR7HBt1RDDNotF2kxasgbbW6uedHLApDvGQ1kuWRk
1996/950156.96.pos,QmUWwmnPSkMK77LEXL798Edhn5KGfsKqWRxSKoC1jcg1cD
1996/950157.96.pos,QmYQRnd6ScwLHhrnkSzmvPhwLagR8mGABCUFpLqJszvMnW
1996/950158.96.pos,QmR5JqFY5Fo7jf7Su7AVEVn1wScsFuLm3fpzdnzE3HugAV
1996/950159.96.pos,QmUwdGbW3NkXKt8ddD9GLXtbmdMuixpYwKH32Nwhx9CxJz
1996/950160.96.pos,QmNSFZsLa9RMYnr6MFso8BXWKgm8wNCunmAv5D5YBizGjj
1996/950161.96.pos,QmThEVWQmPRmqDJJGrEX8Zp6cniTUewQerbj8jMYJUZ6AN
1996/950162.96.pos,QmV1ZvZjJAZEVV9GhgXbWXaeNcUjrtraknoUSyGb7gWD3d
1996/950163.96.pos,QmNmyx6MAYKkTZYTJUWYKxpdkD88JT7n66n1iXYF69dq5a
1996/950164.96.pos,QmaL9pecKa6MhTxzJUiSWXMMGC3pX6WYgA8KpFUHs2G2Bo
1996/950165.96.pos,QmTLYGG2r4GpE2fDEHJqymWVLMJdhkRuyWtRCJhocsdyaX
1996/950166.96.pos,QmR4VPY83GDcEtTfFZdGkHYSFwMNHvArrkyutbrQeSiiJF
1996/950167.96.pos,QmXSJhrKJUqHhceniGAenh2ifqJZx46XgxNBbLsmGPwk6t
1996/950168.96.pos,QmVkyDDJdsSY1XXAmfrS9fpuP59eTw9mJxD3CmZumqQ2NL
1996/950169.96.pos,QmQdwxwfNuFPwaZrGwm7xYMgLqHUjGkwpjnoU2sNvJz2bc
1996/950170.96.pos,QmejL5w4Z7dQCMmpD4VnBPj438B6Cut2xRWMwCWwnnTbYD
1996/950171.96.pos,QmR6mVbqcxFNomqvnWHXsVRX4tnpwVg6mj1tXfMYLq8AjD
1996/950172.96.pos,QmdrSaDvW2QB8GZNViR47SJQkzRA8DZREGyxvKoUHVYdRx
1996/950173.96.pos,Qmd9e1c194zZr9pNjSzudWKcwyGVEYjrqhNbq5Knc3KUvP
1996/950174.96.pos,QmbUseTdbHtQMEG4VeDhCW7V7sWxbJNeCY9woFMamjoEAE
1996/950175.96.pos,QmbH7VboiEosoWWsUTMw1mzGXVUYc9ymvcAc28ySg7FFnp
1996/950176.96.pos,QmfRm7nPxJUCGFtNhimQM221vy4eYyey6QfxAYZVoGbEmo
1996/950177.96.pos,QmTUXUcT8q5UtYNs1XEHinsxbFGdrzdS1A5hTLoyqoR39a
1996/950178.96.pos,QmTqv2xGek8FTMUKatot6ZpTUVVQUJyYK4dVgHjuuMgmYq
1996/950179.96.pos,QmSogqLiaXxeiYzGx584TAoJcS3t8jmRxvS36F4z5muRHU
1996/950180.96.pos,QmXw1ywZXSbL2TcRqN2TCTPDCAu77JGjyT4xiHEn4eaCsR
1996/950181.96.pos,QmPzi5jEcbkgo9dgE8tzgbocBoB93jVTiEvtyZoekrpzrV
1996/950182.96.pos,QmZaM2gYX3jfhAesQHwnnhJZpx22Ht5ivCBFxePoU4d3PM
1996/950183.96.pos,QmTWKtrpTKhVjJNeSTuSNmrAXxhDaeASyijEgFhdNPhmja
1996/950184.96.pos,QmaZe4Jne9KLYLXxdteni2NFmeVSm4J8opKygR9unVTsKQ
1996/950185.96.pos,QmWmgAmwcF2xHvWbEfAQEf8KyNVKZ5eswFpAYvPae6oxFT
1996/950186.96.pos,QmPeuXNyEe3NBKiLPNKe45AJPcqTJ8RyTHFQt5Cg77PMZJ
1996/950187.96.pos,Qmf51aoJEjP6BgLvZrDA7VXP17xHZqUwM9kx8paz9xqhP1
1996/950188.96.pos,QmeTRmHFmNBcXiB9eLuhRhiMirFgJMXJpCGZ8iTCCbVSy1
1996/950189.96.pos,QmTVhMczxQWqt1cXCHPWDceSdngWRtVgJAnkCtwPG5Q48q
1996/950190.96.pos,QmQFSucVyxiYfNzQ2w8nKXAQEyWaCdHLhxEUBgdAcbFyJk
1996/950191.96.pos,QmYR4BATab2zw4PUHHqvwpikG4wMra9TMzVKWJcb6okDWw
1996/950192.96.pos,QmYstXHxBgKbKAHRud47PgN59nASB8UoFiZuonssrgEZKb
1996/950193.96.pos,QmanaSrmXYnPiq5tEuMXmZRr9rmtD4gpLsM9iZ6Qt9Ajci
1996/950194.96.pos,QmXr9QBzY3qQbzq1xnys7Gw8W338qmmERupWi8ComR1T71
1996/950195.96.pos,QmSaFtQMCRZaFXqaXdcQ7gSdYrGMTkXSUF2WXuL7vpGfG6
1996/950196.96.pos,QmRPHnWAjB5A34WTWoJ67wxECUmFyG5ETGPuodoQDaY5Bx
1996/950197.96.pos,Qma5TaMBPGx8rqNx2BA89TWNivw3AWTVdkxXfvCAseeKKX
1996/950198.96.pos,QmciWhxNJrR2G7UGXi9foVGJkZ6xtHkw7c7dY6oQ4Mijvt
1996/950199.96.pos,QmUEiKQ7yGTRQE3qyhAvbNw9fuFbHGwVP8GniKktLgFQ4p
1996/950200.96.pos,QmeJuXYaDyWdu14CQbY6CCfsiq5k6z1RXrUjw3hYSfHKN1
1996/950201.96.pos,QmYhU1Stq5aQnNrcmiGdanoXbcxiwgRLaSHjvfhodTWB2g
1996/950202.96.pos,QmehAtJ8S9XzNpykN9CPyis4mFxUYEt2DsPq3dD1ZWwU6Q
1996/950203.96.pos,Qmd5zWkKTH1ZpFzdc9baipWXQEERQ6tXFzsBajg8V7MSrj
1996/950204.96.pos,QmPcotxwfyMKWfeFtQUwBswYkurpGFLccLbbnettFeGYkW
1996/950205.96.pos,QmakMRJbUrNib4qVdSHfWpScQfJGpZv72dT2huoX9Vnjv6
1996/950206.96.pos,QmdNkHsjvBC5J9fn24d2pS3GR9dF98n2xAMUKr9eMTWP5f
1996/950207.96.pos,QmadPSMTqhTFad7Lo8EaRN7CpdtBcWHuFvg5veAJmpF7mk
1996/950208.96.pos,QmUHezfmhhYfeVygmgUfioCf5gymEhM4i87qDMh9YGjwNv
1996/950209.96.pos,QmVDL7cSxB5DsZjHUtpXBBGYom1ePtw1fPkVmiDmEV1Luh
1996/950210.96.pos,Qmdm3PW8wSYWRDbuxAX1bRAYiTCU7jjDqJAnjzaGCmUYNL
1996/950211.96.pos,QmYTWtRF2M94V8RwBm5t6bKPswjDKXeBvzeFuStaemM1yY
1996/950212.96.pos,QmYkjrNgNwDu4hg8jgDmPGyTSGg2yMbQ2pKtXjDfv5ygjh
1996/950213.96.pos,QmZNuf1UWm2SndSfm5EEEJvgXoCyLWwnp2pMrLHUTgxWbU
1996/950214.96.pos,QmaNUtqkp5k4uVVpLWbPJ88dqLvJX7zvkNAoWpDWR5BKq8
1996/950215.96.pos,QmcLFpHXiyd8LF4MnEzPy7781XtESKhxHFACaEWukR2JTS
1996/950216.96.pos,QmPNaiHHb3REuSF9QmxVQjpNpTRy9S5TWzaekMJ1EjHpdj
1996/950217.96.pos,QmPdGXz7kgYMxq72tFLFpYU1JEXGG9fTgLHjj9ueTjBqur
1996/950218.96.pos,QmbZTCGq7ERPLoq586kA4K24uz9WHniLEziZ9EhYy3gmK3
1996/950219.96.pos,Qmc7sjFKAMy8JmDQDHzMk3Vb7U6erAX1VSGjBJHbd9vFoR
1996/950220.96.pos,QmYW2yr6XoDX9QxJYqrDsKJbzNcn7c5o9rb1nHi8mrE6oF
1996/950221.96.pos,Qma2GKN5ExHpVYZByzJA75LPaEeZHw9RWuC4qsUJh8D1Eq
1996/950222.96.pos,QmRiTHCVTHbLWZ4dhnpd6rzTBqTbziZah6gyzpm7p8buqF
1996/950223.96.pos,QmfXkEMDEiLQwSHn6uPnHb4tSonFCUVVmwNR4v73wD1ZEc
1996/950224.96.pos,QmcwFM2LPUb2jLg1LtHo1YGFNveMjeNxASXrXesaZvDRwQ
1996/950225.96.pos,QmUWyjsFKqCcpZzowxYqZRLBqvwjSWZQbd4Nw7zKv3m2Bi
1996/950226.96.pos,QmQVQjADARqYic5zLJk13G8D1n69S4ApJmFYM3oBpMwks8
1996/950227.96.pos,Qma1DqXwtttHQy65cbWTEoBvpuSqJuHrzUKTMBY6yjXaj8
1996/950228.96.pos,QmUEPAv1W1CxsPYGQxjxS2kSzq6h8WETGSsPyH18SYXzz5
1996/950229.96.pos,QmaCjCw2AtXzPU8VDNHTiEqDVjWf3eWkKeeTu29HzKePwU
1996/950230.96.pos,QmbKh6DnFgvmX8tKmsjEvVVanv2bMbUTKCbYqzWjT3NQKM
1996/950231.96.pos,QmX4G7iwLMYqhGvmxvt1i7Q7rdAY3zG5jKCUA1WJk1xHDB
1996/950232.96.pos,QmR9F82U93fcgxDimURgS9dWDUkKNk2utujvGTu4Cjuybg
1996/950233.96.pos,QmPJZAMqU4oMTmd7qs2goT9jWzYY1YjrZmwLnHPfYxHLkM
1996/950234.96.pos,QmWkNJZ1Xgk6NZZoNaBv4uT5oiMhGam92oXsJXGmXiMZK9
1996/950235.96.pos,QmXcyu8yFSiwFrN4wMFbXAWYqugVZBU998y4M2J6t5xaMr
1996/950236.96.pos,QmfTTbKEWHP8eAocwjRrEbxCoKZFGUdRFB36WWnKmhRxqk
1996/950237.96.pos,QmegqrHNHpYs8rrTQR5ZJud5QJMGuLsWxSceURbZ4u7dzg
1996/950238.96.pos,Qmacye5SKxc3eDVWtEVDodp1hUudeJDCYn8zqv8XoPKAxs
1996/950239.96.pos,QmPXgiBiyQd8wAsdx9aLhLMsv2gFNtwMuk3BPkzoNyudxc
1996/950240.96.pos,QmRMbxciVbJ3WQe55PGpEEGux4DfQpBm3XntnEa2iBy4T5
1996/950241.96.pos,QmY7whwFTupcNjB95RZnn4MJf11RE519CL7MkUXRzWMpCp
1996/950242.96.pos,QmS2jugJB8aem7o1LUVojkvpKodv7HRyDRCGUERF34b5HP
1996/950243.96.pos,QmdSF6yj5eWrBmCdrBrewrRmNqL5X445QHKUQEPPk3wTXy
1996/950244.96.pos,QmQkPAfoifqnhfPqfUWn1Avbj9Gf2QDE4h6hHq8oomQYUq
1996/950245.96.pos,QmPGxYyS8ksupsUCtJ28VyCrU3YWsN5rfSPmnHKBzmhfRz
1996/950246.96.pos,QmUx19mgxuo8u2tTzYrNxfgpKB39BqdgpXj4cfbotuKxyR
1996/950247.96.pos,QmbUajZ5vHPHfc4TV1G3bkhGxcUKP2pwRG8yRQdeeBPzoK
1996/950248.96.pos,QmaMvXj5RSJ8WSbVjSHUUuDWYw4G3bm4vVrf3AHE4M4HN2
1996/950249.96.pos,QmQzLmGUCfa4y3R2BFXZQEZyNYEbJx8H57QTmfJU7bTpzj
1996/950250.96.pos,QmSXcxT19Sgih1j8eQmvmMLmsREQK7yzmKPjfqBHjPvg8t
1996/950251.96.pos,QmZTy1WSUYJwmj7wyovBSkmrWRSCDazwuysyxAtwANi8Lf
1996/950252.96.pos,QmUR41tWgNmFmSUytFyDENvvzWBznK6qAfANPCmUm66xv4
1996/950253.96.pos,QmNWF2LaPe6TDx8xdGSLgHtaY8oPSf1tB4bmkHtkjpVkpH
1996/950254.96.pos,QmaY2m6WCY9VmCjebufXNBKYZ1N8ooBMr82zkcpySRNocB
1996/950255.96.pos,QmcySvzPfEpaRrJGqkUG6QMdfUb3qJQDaLHxUe88RKJdWg
1996/950256.96.pos,QmcGtoE4XFLbfRyCWnmfrngDJPULfynmDFZXNqs9FstXVA
1996/950257.96.pos,QmTDDkpqqyksTXAJM2wdR6jADRKZqtnysfBEM1sUkRfTaF
1996/950258.96.pos,QmcA9UKZ6NX46v6sHPRjWgmcD2X2axgSLjAcD9HRwwkM7m
1996/950259.96.pos,QmawmWhVdid79omuXcfRecjkF6HC3p469tSfdCkyXdevmo
1996/950260.96.pos,QmdxioxAi6i6bcNFUpddjVH61jkPVX6zaGXviqn7hsFNSE
1996/950261.96.pos,QmVS4iR3dGN1wgBJgXfFty8Jdu17xHxNdhR9ExyKXq2mJG
1996/950262.96.pos,QmcvEDZrpHEyscg7AAJxjUhnYWmYwJZJxfrfaEnm1ToYCy
1996/950263.96.pos,QmWCDqoYTiww3G8YJAN5ojhtgEJkQ8zevWzL67argY4G9J
1996/950264.96.pos,Qmb4q7vpyP1wwXKWgjcsHJZmsyjNqtqwTPsYNGTmmJbHau
1996/950265.96.pos,QmW9RP5GghfAcMKVJ7ZMKPJahA1HjCyA666UzirfUFKzBc
1996/950266.96.pos,QmaxrPoETxLpzLYTZPQtA2kpdDAdJnWrMTrZFe7ZbEoB31
1996/950267.96.pos,QmRNBWfG2cEAE8HUxpRx4Bd2uHNwR31d7838x9GuQgwDFr
1996/950268.96.pos,QmVpzynZEKNgBqQ6KMhbLkphGx9qUR2vfrV3rUdweoSheK
1996/950269.96.pos,QmXAAcUVpeNKYoR1Ra7ynio89JafXDyEwBUDMaZXZECDBX
1996/950270.96.pos,QmVBV3XbSSHTXfKi8eDAKECLft96eQf1VZ6CrhFzCLKZcs
1996/950271.96.pos,QmUh4XTtbafNMpUifEeu3oomfeehNjPo3ZHySVPqwUYs33
1996/950272.96.pos,Qmdaw7AQV5MZwPjkWG6Z3W4ApA3P96bc89QpzsF8ZsG4pC
1996/950273.96.pos,Qmd9VNtBYSuADdg8AyB4ExHasyFtEJFHFpVdooRNyM9AVq
1996/950274.96.pos,QmWNydtsFn1icjEdzEi4fEYn35F4MfeRxXvMWcnTFhH6De
1996/950275.96.pos,Qmbbt3X9293HXTqdu7JYPe41cVLMMrWju7LzsjktrZFnKN
1996/950276.96.pos,QmRM8uYUVxZ4uFgUSngBLu6SWtKCu8efHMYYBhPkN1yf1q
1996/950277.96.pos,QmbpWNMi7e27wMyxK7BPAbDb74JWWATU9SLMR8B5An5T8G
1996/950278.96.pos,QmayyRD9i34uVn7U67Sc2ddebZNGSkk6xBEhSP7uCCPJvN
1996/950279.96.pos,QmbBrWDYDhzFdHJ27aZVJhxeQXxRqwDY149o4B4ipqbXS4
1996/950280.96.pos,QmTBWdV7DJ1HoCXg3HipLZVaQeoBNvko3H1zjzSADHzKZa
1996/950281.96.pos,QmXWSCvHsrCALXimPtf7iqP9GA3h7sCSydK1nuFCPusgNZ
1996/950282.96.pos,QmRkoSiarw6KzxeW4T5pbBYKBcdL8ovtpDTUrK4i3dKkFP
1996/950283.96.pos,QmNr4i6dZ7UaoDSz96HDcGidameh1p3goaVkdLY4d23urp
1996/950284.96.pos,QmRztsSuqXv2vVmShtx6GYnddVHrShwBoiGV1Stpmcdasb
1996/950285.96.pos,QmNg4AoMfmWrGLAGzgiformPWtAxjMXK6LpMk92NenrXij
1996/950286.96.pos,QmPg5jew8hub53EqthrD4txcf8NHJrd9zynHu1aDs6GMBP
1996/950287.96.pos,Qmc2zgmDDer3pw9buUpDPFdKpwhnwHiqeTohe9RxosyM8G
1996/950288.96.pos,QmYo5pEDgPhvss5nYL5w5AYWM7j6BYTxzFWAxQUcMqYHfj
1996/950289.96.pos,Qme7JPBouut5q2V4TMEfyvDaJ8LeHEdD9mdTGj6dGpaovv
1996/950290.96.pos,QmbgeC6YhuhpUDAg32C1uNoxja6wSTJDpxUhfGwKsYB4M9
1996/950291.96.pos,QmQffJZi8B6NdWJPgDpSs98uGkw9f5xUGahrx9uAH9burR
1996/950292.96.pos,QmUB14ZYHsUq6g8PNu2mVyheTN6Mz842P8msneyZYvnMet
1996/950293.96.pos,QmTmdJHnbZh2rgbH8bpGRNsaUxbymfeRqp7ASc4VbdqNeK
1996/950294.96.pos,Qmbh1cHGck4nX19gLqzJDWz7Mfo8BtpWx9JDAyCJ5YTR28
1996/950295.96.pos,QmNMw6TBNdPsEg3BGDRxFUjyXhXtvW3P7HgjUbcZxdUmka
1996/950296.96.pos,QmeaRqnJMFs7eSerBru4y3jLvddCQwhBbEyAwCrUc4hdiJ
1996/950297.96.pos,QmX9AuPEwLSYVpXQ2xNfUB13sszu3RTxFPxe9FBNQw2XYc
1996/950298.96.pos,QmVNsXDGPRexWjan6KDWnme7NzRqoWw7xXqDqSr7sPoEJm
1996/950299.96.pos,QmXqGAoPeegkrPRVrbupWRorDWejNoNWa9h2YWzstebUHZ
1996/950300.96.pos,QmXBPQbxi9ok8wCcBxiFj8nroLLark9Ya82xo56tNATMyW
1996/950301.96.pos,QmPJLN2SzQ52kT1hhXckmATgeRanogZXfXChujKknWgdMn
1996/950302.96.pos,Qmc3KntDpP1uHgjLt74jaKu6qCHkQqj2mzoDxNEDpMNX3W
1996/950303.96.pos,QmZrGBdFKUJa2ktwsHUV3aYo6ZQjQoyGiLLrGZuJaqv6FB
1996/950304.96.pos,QmWNBM95wHhK1hTZiLp3rrLLzkm1pYvTt6x4sn1PP5JGzj
1996/950305.96.pos,QmVkxQFPdoXzr67vgXJEPgBemHwUPwKY47hN98sycxQR5x
1996/950306.96.pos,QmQ8wHGCHqwK7F5K5C4VaYDkrZDV25kv4jVSBvwWAw1Gsw
1996/950307.96.pos,QmQbqc3W5DFFXSVAets2WuuyoCqken7iSgG2vRQkRR4xgp
1996/950308.96.pos,QmTqmcUrGBijUGPNkhoCvtckGwnxVuCJHMPwu1YRL8nmyT
1996/950309.96.pos,QmQajfgPebCWi1N2m8zzWRFYxbgqsEEWzzJV9DGCgBEbCx
1996/950310.96.pos,QmNW1Xiwvp7u9nMA7EsZGU6aqHoF5eZQ5Nb7rutFKKbcaY
1996/950311.96.pos,QmXPpeUNhctYgDgSKq8JdijtohDgmDGV99jf9Pxxc5R9fK
1996/950312.96.pos,Qmb1sCa4r172K7tXBCr624NPxkCVgZxKw265p4kRj3LgJj
1996/950313.96.pos,QmdrABi2WwMcVdg6fUnQEkG7JBgSBvFzRMbJAfPzTNAnL7
1996/950314.96.pos,QmXWSNoDywP5LoJPFZo9Xazqf4FJk3f8BRaKp5WmQkM4sM
1996/950315.96.pos,QmfUjYAxVaSgkWo4sMNbPDA8cVBP18yWFSYyztFZaeKLdW
1996/950316.96.pos,QmRpNBNZsfBdXKsFdJSMcZFDpcW5F1vREbWKc1wtggUCPf
1996/950317.96.pos,QmPx7mXr44jYTutKN4YVyHC2WjTHZT24tTrLVCsvw2exBL
1996/950318.96.pos,QmbuBa9hmfrheCYLA1afpVSp4uJQzD6tarongMgUaCuk7T
1996/950319.96.pos,QmaJtf6NeRmdT6RyZDvMNyYmk17k397fPA654dZmbdGZNT
1996/950320.96.pos,QmfXpQ8SVVH94a7bG7HZYkoAivAwb9EbS2fgqpiUwv8CKz
1996/950321.96.pos,QmNvWr6KA5NVXzrdvKDUPXaoEyaXDAsLfu6JJo8ECWxdFW
1996/950322.96.pos,QmPMCfUu6eQucnE1romZ3hzC9UQ2zmBkuHmQa5rBBWk44k
1996/950323.96.pos,QmTX7EqKQwXhYPZM3y5efmSBLnQz7ii6fDkZGFa4N1BQn2
1996/950324.96.pos,QmSLEqjMdeeuxqppeUaEpaMS5LUhnjpao6MjidWDRduZ7C
1996/950325.96.pos,QmXFko5LjKW9zUPLYdvg4jMa7zb6xYS1HgbB74PWqdJqn2
1996/950326.96.pos,QmRQMJsFQgqtYsH7tb7sRzeuoJyb9yXdzaBHRigDmeCWLX
1996/950327.96.pos,QmNRTbNb72zyH2pZBzLdNNgrS5uBsHDXTbhCdMguLy49s7
1996/950328.96.pos,QmW2vcXLco1N77p1JwHNK78UoQShKQHxo1anKKX7vZLELs
1996/950329.96.pos,QmRjW7zuX3cQf5RJKTzaQARcVEUQ7B4TkSEJnSSZF5TiKs
1996/950330.96.pos,QmQ1mZVoGoKJ7E5fhB4mPpfMRS98sVAWFfguNyFF3aBBjK
1996/950331.96.pos,QmU9edBDPNj2uaMWFaiNj3sJPRSE1UJRwDDdx6xQrhmYZG
1996/950332.96.pos,QmcqzZtKdJoboUGpeDU12xnoJcutQTUhwyNKxGhVt2MiD9
1996/950333.96.pos,Qmc87xsdxsKeMj9djiyqeDNocjbGFZw55bNJW4n1niaZea
1996/950334.96.pos,QmYuuW3ZN6o3u8vg2s4HzxRiy2PdkYgCNXs71uQduRWDAm
1996/950335.96.pos,QmexJdGRGktRuYvpCN4GjYrscHoJobfWHm9zpaKvwATdii
1996/950336.96.pos,QmU4iYAP6m7NJJNZyJwDzmX1w8nQ4ncwvUFuJaRaEqY5jX
1996/950337.96.pos,QmaWg8KqxT51PvWD9UBavZj2CCjmki8A4dCbLUVe15f4ma
1996/950338.96.pos,QmTWTLM2VE1D1mXUUfJf2iJrWddMZsbS5MKSG4LU386PTx
1996/950339.96.pos,QmYPBgZNXF93xFUaWpQXkmX8dtBF8hvvaFZgTsNAzw6aSW
1996/950340.96.pos,QmQ6DdhyuV6GiVx5LYttBX9uPCLM8HxDiRVweFSxni4EY8
1996/950341.96.pos,QmTmBr3ocpfZKTdQo2GhLMmhSC1H4conL2WBdYfPL3HJF3
1996/950342.96.pos,QmSD5DL3u2bQuAtb1vjKwUUxukvcsa58bT6hJqr4jZuLjS
1996/950343.96.pos,QmPaNFeiL2KcDWuUhJPmXpwyHPJEPYeVcniWQxLSEJ3U2d
1996/950344.96.pos,QmTo46DY18uxSnR8Ha41rPvc3eYZL4BbHVap1oABkByN1u
1996/950345.96.pos,QmZGUbnQiGSDVY7SCQ9N8zKBn17LHuCr1FP16FiP2wFvTc
1996/950346.96.pos,Qmcr1rcwTv672xt99zWwg1wY7BpuiLvrhm4CHifG8Px2V5
1996/950347.96.pos,QmQddj99TeiBn1ik4osDjSBNFubKUsdoHF9mUCCVByS4db
1996/950348.96.pos,QmeRZ5j6cAB3vJX4ZFDuHnpd2ozfgxWZVao5LKaW6jgMGb
1996/950349.96.pos,QmU9mDwKF53zQ6Yx4bn7UA5sMdJV5MSSiwFc39Ehx6JkAo
1996/950350.96.pos,QmahVHBp72T4MhrrNRJQEVSWhLvRjXody8KZQux7ywwhvQ
1996/950351.96.pos,QmUmY3ssyGYFRci7iWaTMBFJAJ8GNL9aSweQWQJYiEh6aZ
1996/950352.96.pos,QmTTcMmehAmvWuwQVnsorGq5C25Whdq73Thy8zMg9FbXpj
1996/950353.96.pos,QmT58pBWHkEdnmLzp31BimwLpUhhBfKyjpRVHpkj6N81j8
1996/950354.96.pos,QmTxxkj2d7ZHf274GcS9XHNZci46iqQBCo4XLd4ZaqixmJ
1996/950355.96.pos,QmcixLzvDYj7gfGSLziraiGiwkeRFfSeGDEpYg8UNipAbp
1996/950356.96.pos,QmcdcD238tKP5zYZSZ8iez5WS7srmJodYjNVW46pNFUJHd
1996/950357.96.pos,QmdLaGdK3EgTUuzu4gG84wpXbC2Cfa93wReYrmgDo64pLD
1996/950358.96.pos,QmZF75mmw7MUDkVK5PbUzTwKfxyVQb8o1xZZfVii6BqrUv
1996/950359.96.pos,QmamVAGStUXjcUxkRy6ZAcHwfyWGrfV4KwK1GixvmzKu3c
1996/950360.96.pos,QmfK97XnEohQFvZt5Hi2HXQnpiCfapteZQLDExpB8kWrpx
1996/950361.96.pos,QmTwSrHH7X3R6FQkhyV7QHXpsu2Ar4Cxzuz74qs8aQhreE
1996/950362.96.pos,QmYRz2qgvCAtNtBRzvBhV8YPbe1kqUG9GEjwBd3ZWdqQjH
1996/950363.96.pos,QmWWbemBr4xcA7F7B2dgS9vBRYLak3RqYbFe2k6qcoroUx
1996/950364.96.pos,QmSyWEwBvbjaXq19cgR5NgxYRMnveCPbtcDASFMa1LrQbJ
1996/950365.96.pos,QmXJFdQQANr5VnbtgM6iho9fN7fWL3iWKrFxKLvzrRtiCz
1996/950366.96.pos,Qmf4bqBpBRmXwt3CFPYb35NvdErvs9Jz2jgofdjKpYd6U1
1996/950367.96.pos,QmRzPaBxj7PzLoFGPWPqosXqgxCbEZ5v5dgu7KCcT1qeXa
1996/950368.96.pos,QmbB3PpwFTdhWM3HUgcxriidc86rjoNgDijYQoQ7CeiiRw
1996/950369.96.pos,QmXsutwumPJeYd76fBe2cDWrrvsDoSHjYguABzejLGwyDH
1996/950370.96.pos,QmQgTu86pvgNWNMUGXoXcefU3LvqZG28MmsiqMbV97bAFy
1996/950371.96.pos,QmfFhNykgxJ9dcL27ccewHtfuz96rWGsPShcwVpUCFR6hr
1996/950372.96.pos,QmdWFaovXuYuTGpd3jwh9ET4QFMeWgDHvx8oXpCLhXS7oV
1996/950373.96.pos,QmWY8d7cU6W7bKSpNtTPua3aJqyDy8DSnMctUG3thUm648
1996/950374.96.pos,QmNxLG1bxgduFaFkt31AgrNUhaE2BPW7vz8WcuZQHZyckr
1996/950375.96.pos,QmUm755AM63tefdy6C5FgbjQWmfv1gfamUZZKuV5hgddpi
1996/950376.96.pos,QmYkv4Pg8szb4KfifzrMkE8Ds8CpJTpg9j4RWxQESF3H2d
1996/950377.96.pos,QmXbsq4QmE7zLTqvREfxaMkjNbewZFxhfybTzfW8Zs1fLb
1996/950378.96.pos,QmWBVfmTjGatndkMcqpp7HrJbjWj79ga73sorhU9jVy3LY
1996/950379.96.pos,Qmbw7zXXhzuKuDNHzBJobGuVUe9ZGRLMTY2dGHUzvz75Wz
1996/950380.96.pos,QmYhKSwtSAV2Js1tzfT73Rh3KusBJ1sNxYyfCQ6ZUpqewJ
1996/950381.96.pos,QmdW9NuPYcDiQZHqLPT8PMy2TUppjZeHCJWSVFjP5gpYsB
1996/950382.96.pos,QmTYo1dqLpN3x736jh7CthxaoWNmXu9LLTaYWEeZxQLK3i
1996/950383.96.pos,QmRTa3UEkoic4S4N6MtwhZTErgSHJr5YhhUHcL7KZqXysj
1996/950384.96.pos,QmccPL4aPFMMhtFGAKPkJDP4vWqybrRef55A6o668FykY4
1996/950385.96.pos,QmQELjXbhUonNxuXxtwMxdcYaCsTm71G8Rg8wguE8vAhHq
1996/950386.96.pos,Qme9kxAG2LWKPuowV1MmANsZNvKnL7UVhu7toKzBvH9uod
1996/950387.96.pos,QmSoSa2rRDVeY6T1vuqgxAfNh9mBvJ3o2EUvMPCvXisTwQ
1996/950388.96.pos,QmQzxjukvFPWitubufFfC57tmuYmihq58SKj9GYqsVgoaF
1996/950389.96.pos,QmPiC9MpwtSJUdczKoDeyfMXu4M9kCKiu9EQzQ1do5qZPP
1996/950390.96.pos,QmSXm5UTdmHUoQzjtq9WxNjjU3AWaYCXJcDwYYqfM81BrG
1996/950391.96.pos,QmVEfw7ovzk8D2KPFceQ5pbxzXZKjf6TBvUaf3JhXkv5tE
1996/950392.96.pos,QmUR1RkDVGUCbiPxwhbo8jkruLru5G9Qqt6awPMFbSddQ7
1996/950393.96.pos,QmTSLtZ7GiuUZneRnq62kcTZFY51cmLaHnuUgL9iR4tgvj
1996/950394.96.pos,Qmc2XzdyEgXk3h4376E9LcxpzbhYw3wCuiGwWUiH46sQ5b
1996/950395.96.pos,Qmbfq2pnQcbmrqwjRCqeqS4ysARMUAdKzpBXSfUveXYtPA
1996/950396.96.pos,QmdCwydwyx5cnmyHDqG2TuEAtXwbYGAs9ZbgXiAhknX4By
1996/950397.96.pos,QmQapsUWTuxgmVwJgj3WcDyd1zRG3UHtvdkFrFmmQGbyTK
1996/950398.96.pos,QmUDsKTXvE9vTq8DTaTCW3MqgbgZbWctx8baoiJw6Y27CL
1996/950399.96.pos,QmV2UbHbeGHCTtpw7sBuHZy5rvberXyoetD327NCU7cqys
1996/950400.96.pos,QmRceKfintyLR2KXza85SQhLStXDDCL6FKCBX5FDi9xnQj
1996/950401.96.pos,QmQCB6gCvnKeH6cTKNbvVPr2AbfGTM4khWiTwamdhZkhAU
1996/950402.96.pos,QmeYGSfS5BUDR2si2QBHzC14rxTME15GTGPXjdzM2V3j4S
1996/950403.96.pos,QmSL6Qnq9C5sKxc6gGLmFfCx5fdboSJBuJMV1prBrCbpyL
1996/950404.96.pos,QmUebRztzzX3fFF5EsTK8ehpnkRtKoZ5VwwGkp5ozTtmT4
1996/950405.96.pos,Qme1TxU4wkmpRoxz4hhTh8DD8bpEPY7RAGfdcMzrsnURoq
1996/950406.96.pos,QmUtEym2z8B4FuhsaAkZu9gp7jMtyZdDjqKFdCRRoeKRcr
1996/950407.96.pos,QmSFSAvtJTj3n1SgwzvwmMki6BhQrgu2EnVSfGm52uzhkX
1996/950408.96.pos,QmNhKnZe9oRY84worFF8RiCWhtm6j8UgMrGE6VxVHePAsT
1996/950409.96.pos,QmUZnLjm1EMz5MnTi967fyr9rnyXkQ6hSnCzFjC6SAmnBC
1996/950410.96.pos,QmYeN2v6VsQqTyc56QeHEBrS3X2qYSCabdHzqJBHVdv8sb
1996/950411.96.pos,QmQRxBGkz2UX8YKoCP8gkHY9pAzn3tuJipdcCw5itoqCKH
1996/950412.96.pos,QmaW2zw36Kv1SKFKWe52VcEMZY543WM7sm6rDSFnbg3CqT
1996/950413.96.pos,QmSruS4kC3sghxvak5hq7LywXD4ooeSYhannQx3fkPajPD
1996/950414.96.pos,QmQ1io1trh41i5uzV8ssm5PERH2gQpXmYXdQCpchb2xpsN
1996/950415.96.pos,QmYB9hxxFevbSkUysEkGXxdPjNZYKXxr5yxR6bhUE1KRZj
1996/950416.96.pos,QmYDWNmddszNxcBR4w46D61Y4Kt4SXnQwG9RMAhPRJZ7np
1996/950417.96.pos,QmNtAWwrBmDhNf26jxG2EFCYbi59BscbbMe2pS1S3ABj5G
1996/950418.96.pos,Qmcb3Y3RNdnUa6ptsGPKhR9GTUJSC7seJ9a5iPqNA8BJWt
1996/950419.96.pos,QmSMgZmRmuyX1Gyk82NJSt4NjoKqgNvzhdvTke68zc2Aph
1996/950420.96.pos,QmenYADGanSb7Pj7YVgr3aRewfDtbfnqPFsYXgzGkEj8Hn
1996/950421.96.pos,Qmb1SdEfddDtUZsfkcnrVJgofeSjVf471TU4E66u9ei1TN
1996/950422.96.pos,QmNe53gLHw1rb9fpMorwd4a7JXR1PuvqvAmPKtTTzyuLHL
1996/950423.96.pos,QmaSCNGNpRSE8wQKUzCMFhzCBBue7oHVoppuBz8pqCzXZw
1996/950424.96.pos,QmeUq54mWPFMTieNjyYN1R7DznNqcUroLr3SA99pZL5w8r
1996/950425.96.pos,QmYE1PZTaQqG6DMKwFDjPZNpSLMRz8RB6w42r6wRBRsodW
1996/950426.96.pos,QmRtHAtKDTFWdoiKGVwRPYSdv7rGywByUvvCqD1ecF4VVC
1996/950427.96.pos,QmeeN4ZwWMaup5vngQvyLNprZKWjgLiEYVFPZa4Z6oa5Jb
1996/950428.96.pos,QmXNfPugHyNqtH9mquqsbVWKFwQLQkBNk6jHFGYG1esvEs
1996/950429.96.pos,QmQ7oUixVcfuTaBTLKLd7SiApQ6S3krAFVvEqUVzmx7mod
1996/950430.96.pos,QmRm4CWtqj8V9Cb9iofXXmfB9gxcWGVCX3nQp3GNaKwXeS
1996/950431.96.pos,QmbNfbDYsqQWjmmfurTnGxkZUuV26Z9AidTdxbZd3rcLSm
1996/950432.96.pos,QmUG2sx7vZEN713X41sp42CAWtRSj5Ds6mPayo9mDZqUkp
1996/950433.96.pos,Qmf87759LnhyCBA7h1AL7LefYX9tpSUdJTdV1aKnbSjKwo
1996/950434.96.pos,QmNmPBR8vK18m6Fgzmw2kBaePMK6hpjYaWvnmYjqxkUVD5
1996/950435.96.pos,QmYuT7S5xf9uCGjf7xe3Ru9fmZdZQEpzcJrhZTCFzcjHTk
1996/950436.96.pos,QmQvA4hMve24qZWcsRnbSrufRYoSfhu76zRgmFT7E1BcNL
1996/950437.96.pos,QmTg1m7YkT2GUVTXzzgrYosUa4yTDXF9fk2ZajohpDsCCa
1996/950438.96.pos,QmYKsuKaMPQEiHPLZCYQiRY4vnU9c2rtHT1X1L6DhUvRDS
1996/950439.96.pos,QmTd25oGmYvrNSVK7EXNPjdPNP4p1xN3b142jvj5Bqy96S
1996/950440.96.pos,QmShpw8dBAMPjYfoNefRyA2YB9FwZM4EeJYR8j5LxfJBrM
1996/950441.96.pos,QmXyNRgQhVpoaUneZjZuCpdCT4JGDAgmS6UWcfJrqamWqm
1996/950442.96.pos,QmRpQPy362PonLgnWej8NsQaqK4rL2UM1YwL6BNmQHmmW6
1996/950443.96.pos,QmbfgHajyPtEQBkzdxCBTmjr2PswZnuEat8UB5mQq5fmTQ
1996/950444.96.pos,QmWezgifi9Wypez6wzGTPYmg2HmY6oNSQWw3Db4ErAU8BV
1996/950445.96.pos,QmS6fwWMTMD49NUtNETkau836iNuzH82Bwu4FSiQGQzpFd
1996/950446.96.pos,QmSY2toegXoLWzENhgDTUXr2fiWGPdAWTr8xNyiYn5oQfR
1996/950447.96.pos,QmZqExDAZp4vfhMU9DoeSjqHj8KjLLRnnnF21imz7nbtTa
1996/950448.96.pos,QmTwJhYCpcct7dVPKguFA2z18oxYT9fFSuVbtwM2eAShxE
1996/950449.96.pos,QmNmA7S1cLoXsA2efr6qodXiL6nnuoN4GSGAKbx1XJm19e
1996/950450.96.pos,QmW1bJ9wZGuCbvvgmLRJVoumDHiDQuBtfxipTy8CfH13BJ
1996/950451.96.pos,QmbHNw8AQcRPupi1fSKrEdC2eB39noTQtXekmT4vXjzaEb
1996/950452.96.pos,QmX4YbNKvg7HVn3bbGipGrE9JdjdoLDFq3sNCXYck3rt5o
1996/950453.96.pos,Qmeo5NdcCp2CHpst2AqUJSu6di7b1B24dMbEt1y8GNbRFm
1996/950454.96.pos,QmRtifw6Qzhxpy2BFj8ve7MNMCB1edrT7wkpcBx9dfPUBn
1996/950455.96.pos,QmcGBb9wfsAeWAZWnUGmzBQe39fyp1DJvh86Tz2DXS3J9H
1996/950456.96.pos,QmcyUwXKguGYmybuzXsvTRSpcZKCkiEugetzY6ajXNNkuA
1996/950457.96.pos,Qmb8BBDfK8ohnpF6UU1NAiPeiDJYohKoqFxhwmLVhfcqym
1996/950458.96.pos,QmUppna9jgn4C16HcUVvHAdMzMjemHaUwXNUUHWfzvJyBS
1996/950459.96.pos,QmSXtVexryJ1oHBuqnwBUTsFKD6iUkR2ATNnXVzfp1R32g
1996/950460.96.pos,QmW9xUHqVXMLAmGaarZJZ93WUnrvpwfQ8LECpGLFu5mn22
1996/950461.96.pos,QmWnQbEwGK7eddHH9TXddHvHdWos9aG8aMJCimwSsYYboQ
1996/950462.96.pos,QmS9SFVh8FyCcRdM9m6AUcjyo2t7ond6TJX96nzvbVF143
1996/950463.96.pos,QmahkVZnrYLFMcX282CEkhK8jUJtsrehP8QnsKur9QE2Q6
1996/950464.96.pos,QmXiHQCzZk2oFCppW4617cop2Bmq58YXRRHa5swv8ChiDS
1996/950465.96.pos,QmYbrSVNnpkCqr1FQhFuw12fCS6kjqfXSnafjbMJTp4zHT
1996/950466.96.pos,QmaHF259KKf6GRb9ncWmWQFa8yonKNt4ZndqPdUYiPuC62
1996/950467.96.pos,QmRCwSX1qrjZz6uYAD4gby3dn9Bh8bG7fzKr6XYeUxmXmT
1996/950468.96.pos,QmfQbkMzEmGnpCehUrK2s9zbLg7Sd8dY47vLyQvvkwsUFa
1996/950469.96.pos,QmcpJkoumVk1d9mkPD9BLjeb6sd7D5RaQYfKYusXe7FM31
1996/950470.96.pos,QmZ2X1L8TiUqW1ktHtPBhndHb2X8dARpS7dciG84oLNGtZ
1996/950471.96.pos,Qmf1R7BsNtoJRkhSYdgGivERRSCyMBLV93EMV36xKtggz2
1996/950472.96.pos,QmW8zhNtkNHe76vcro8Nj6UTgt2wNVWHG5zVLy7jyNhPon
1996/950473.96.pos,QmYARGEQC4pFegvvF6FAnuuFsM2RzWxQBrzoSy7XV1dU5G
1996/950474.96.pos,Qme7Xjaa89JzrizA9MbVqWMDd85eyFi8sGkvCyVrakW171
1996/950475.96.pos,QmfQoyjf155895VdopEHtAQMHQ9CJNa1K6bdmJEqpCS5e8
1996/950476.96.pos,QmXgR5wmb8nn7f3514ezEUTboLzSdgcVGs2GCRifcELwLY
1996/950477.96.pos,QmPYn3YA8ZYRwhQEtVAaG6aHY4cSqpPYgtAiSpwtmRyVjH
1996/950478.96.pos,QmaHdodFKM1Z3zGFvk6V5MaMrPpsc9wf3sgLP82oBivsRH
1996/950479.96.pos,QmejazSfJB9ZgBCVu6cW15DwNJkkAfGAK8LHmTBAFez9Gd
1996/950480.96.pos,QmNvLjuNPaoCF2hsr4PGddV3Ja6ukB6wHBVpgzezVgUkJq
1996/950481.96.pos,Qmdzvbw2t8nxsqFxS8W4nJzSfKhM7KtHJWvok6L5SbZNz5
1996/950482.96.pos,QmReteUXMMiZtBckLq7A536xky6ewJUHBRbZC9D4fpFLLc
1996/950483.96.pos,QmQsgERCi7m7KT2iVAjvXzHs35tNRs4hWR8edTdJ42wfF6
1996/950484.96.pos,Qmf1rQCZYAwfaqRCwXGgmBWq1E2VpBrC2cJw3XjeP1Q4k6
1996/950485.96.pos,QmdNr1Zg5MPB9XCMaZrWo71kdQ35CGj5FfY4v7tyYJfNFA
1996/950486.96.pos,QmVY6H6ZaFZT7K1PCbVyoXQwa8vC85Y8pceAfxsx9EHNY1
1996/950487.96.pos,QmdZwvUWGdALkkawQCNcPZsNpNQShNuagaZKmsGuiypwzx
1996/950488.96.pos,QmSSub66ejXaH2eSDX6M4j6f7xFH484znqAxQjX5J5Dod8
1996/950489.96.pos,QmfYn6bJaJvfPAjv2nm4GZSpN3oqG6twTKmE31r2AksZCz
1996/950490.96.pos,QmTYp6ejrfXTUd1nxWr8B1XpxditzefsuMnsWgWBpKkDL5
1996/950491.96.pos,Qmdey3xGAyn7riYAQPc3MFiJu7dmbdkwpNcoJ5msWGpQyH
1996/950492.96.pos,QmPZRiJxa9tajyheQYjWVeoikoCEkaNzBEwrT4HZNPbyUk
1996/950493.96.pos,QmVHtM9hrPhq7ozY1uKrKizhxUyf7ngBfvPfwn328Ypbhs
1996/950494.96.pos,Qmcyg5CdYiwKn1HdLnia68EpifaTM5Vq4yw4KB7t4dNSCB
1996/950495.96.pos,QmSekfPdDwasnk4q6WFLnudY3UAGzLyTh9GoA1ghE3wqGr
1996/950496.96.pos,QmfM59KEBh9dqxqWboUxx115GMqqJvULRJ91XFn92VBv1J
1996/950497.96.pos,QmeEZc3KBwViXn2sRFcKJyxsQcseAwXC1Foi9Tvkv9YCEL
1996/950498.96.pos,QmSE5edf6Tdu4zQmKccoxETbnGY8zGgvSy7BtW6xe6DbWc
1996/950499.96.pos,QmbCqjD1UUdzvGfKRqPC5KxyTHCcfd8NNmTVg2HEKZULtE
1996/950500.96.pos,QmcSah2iAk4dfXtmivWiSJkL6wWUtoxAH86TU25U9inmH7
1996/95105.96.pos,QmSLL5zWmGfpT4HnbvyECvAKvwzXXt1GQ59w59fEeXevXu
1996/95113.96.pos,QmWTYN8k5dh9pioU3WBdeLJbrhihzsP5T19YZvTv6vujjL
1997/92106.97.pos,QmSfsRpXjzcavz8FinqQ49Mqp42Aq7QTfSGyGkc1JkG56n
1997/92107.97.pos,QmSkC2jnsMAJCJ6PKUCTRePvWwDRiTc5fe3kZcGqyjfj83
1997/92108.97.pos,QmbkzYf2SvCZh6XdhL1VcGRcKsGTW5fVqzxY1LH4qHTEiW
1997/92109.97.pos,QmT7hrRJ2ZGCpKKgQ2EJXvViVPRKpm1MhCfU7koxyE9vdy
1997/92110.97.pos,QmcccwFkNJ8Xm6WQQboJ3q6p6kg6QJY6QosV623faXNyz1
1997/93001.97.pos,QmS3sWp4zaiJvUbT5rzzrykdRwbFbsoFXcqHpVFhzUHpHt
1997/93002.97.pos,QmdB8aGjgnMpnapkXjKjQK862axpBHu31mGVAkWpcNmMpd
1997/93003.97.pos,QmQquai7RtqiWA5giJoRGAw4jDnPzzCuFDU8snmW7RKrpY
1997/93004.97.pos,QmXtWxKLZFjd4wRbDfjhvWxvJjsYVuXYu2jb7d8BD12zJa
1997/93005.97.pos,QmZ7qeMNCby1piTdroTaYnab3hAbKLvNZN7iS39ALKLv4d
1997/93006.97.pos,QmP9oyDE1PKiffGEexmL1j44485nHSkypx6vDAKx3a6KRx
1997/93007.97.pos,QmWNVKhsHW88qxMn3Sb3GYGyZboAgBMfqGymjCTiF4CbwH
1997/93008.97.pos,QmQL1REhANcpczNqSGDYrTN4VzZxKmxJNeWDbKiNtpqcTp
1997/93009.97.pos,QmawX6zXVnuqBnHw2ri87TSKe5nghWbcrDD717HfQHfdX6
1997/93010.97.pos,QmXoBDU8NZUkLJuKPbpQ8NSJ8uzz79UzgaoEyBLHJkXRST
1997/93011.97.pos,QmR4iwi7uQm4XHucM2wAvKHbWoBBx7SAcd8syY8kTxL5sW
1997/93012.97.pos,QmQsSHmDGcNpEgXm8Gs8fvDC4r9iTRRG4k2AaWDDv3WJyN
1997/93013.97.pos,QmNMT5XcBA7rhgMtJhUxg2uQYwKfcUGQZ89sw7t5S2eAh2
1997/93014.97.pos,QmUFXy4e9sbgdpbErE9DPg3YDFuESt6GSW4KYf5FBWQJ8d
1997/93015.97.pos,QmQ36ff7Lfi4MzXBe3oJuVqu2NTzz1NNXEfWMzfJJxL1UY
1997/93016.97.pos,QmXm3sYFYvPsx1CzFSbyDeZbLxA79p1gsaoE3Hp8ELEkQq
1997/93017.97.pos,QmWoHW9zzQUpDGXP16V9mudLHbBKX6o89ca87wDTFsTRXb
1997/93018.97.pos,QmbdaQkvfu48tXrTsTn5qQbPXrHe9xPL4VY9a3xuxaaBJP
1997/93019.97.pos,QmZD3yxbn9BYmmKUvMGkcaYHxEQSMAguKhLuzK7L4yrEnB
1997/93020.97.pos,QmbXgHP7we5RyQ7RR2r5y8gDQ1HVu6L5TFqiVoWh8A57RQ
1997/93021.97.pos,QmNeZLXm5RzSAvoQNm3QaTFtvVQB6QQ9ySxTLAkuKd3tCH
1997/93022.97.pos,QmYKdQTdxCcQ8MSRHseELnDDRyfguHUL1ZvcNXzqr5ctru
1997/93023.97.pos,QmRztDVKLdKrJZCB4sMm59FUcQbdfHyMf7NsRYYcLz31Mt
1997/93024.97.pos,QmTLWG56xZ5nLY8EMh1YCscoG5J7ok9YptCJRTKrBpGzia
1997/93025.97.pos,QmQvV5rZKCbFggA66HvzWKKgEVnXFntvZ3MULpf1wN9FMh
1997/93026.97.pos,QmUzNSX2EP4zLkbHnVLLBjqVF1TWtBi3i8avbYwTu22FRr
1997/93027.97.pos,QmRULj7eeS9jpmRi9fkhVanhKPhHt7ZjTYbhAZGKnPrstC
1997/93028.97.pos,QmU6bp3sA8CGtX7xnQmzjpx9iBUSrk8VENM4UYsSh8v9Cb
1997/93029.97.pos,QmfLCvxjLziwn4rnbGZk2zxpmG7fuYVkaHCPXYs3ypLJNg
1997/93030.97.pos,QmcXvxsDiuGMt8qu7m92r19HYgZ6NWxDiKYRh2fvdJ2Au3
1997/93031.97.pos,QmRy3T45Kosf9iQ7uDnTG33f2zaauicsxitk8ECKxNPpyX
1997/93032.97.pos,QmYZhg8f7m2pmpvmjQM2H8GGwKQVTuPyqcZApozkb1J2FV
1997/93033.97.pos,QmbHhBgQb4gbyBB9wwKHdRJPLC6kAqQtwPUJrH1MbDxoau
1997/93034.97.pos,QmYgrN9heBjGmxULymP8G4G6DfLEcmCSvDAmk1HupBaccN
1997/93035.97.pos,QmYP9L56XcPnjmAZKzUmYTFkiZyHLgq8f1acWxDaiwy3jk
1997/93036.97.pos,QmRQqSxa7yNCLtXNEb8wpdCT7UVsoUm3qbKSoCncfMcMu6
1997/93037.97.pos,QmWwgDGRVK2SgH7wjtsPmYrQyZn98ZkNyS4Z4GFrbm2qVR
1997/93038.97.pos,QmXbAVg4BBp2PHfCz1tEnPgHcW3vWVtgVWnbqMHMPj4NEL
1997/93039.97.pos,QmUDPefHt8wGkHaAD9RePKewBJ6JdYaD8RZirVpm5eoRty
1997/93040.97.pos,QmVjHe5JXKFw8gwuaATVFRtgaxtC1UWsYnPnDcVoNRnton
1997/93041.97.pos,QmXjdQNbMQaFEzfhDjtJ7bH42zK19RNZc4nwdo8meYYGny
1997/93042.97.pos,QmU6Le2Pm5RP6QVq7n8Ca5SJ3XvB2WWR5CTYotHMSZ3gNX
1997/93043.97.pos,QmdGFcfNBEs5NMsvfwHUivKidPz9cZCF62uurbz2btHZiV
1997/93044.97.pos,QmU6FeeyM8Jod84kk2pMd9MupR65rJ3pBq5zByLxnhbYu1
1997/93045.97.pos,QmfHj2Qis9ChTRNqUUoAssnhV7ZgbViS48cQvtnMHeNtoz
1997/93046.97.pos,QmdbHgkisHx19htm17rxEY48a49wcKV4VURyZH6pUtsKSX
1997/93047.97.pos,QmcCtx4g7WeXtzou99a6nvZDgHgZcCRjD4xrank2qn3DEm
1997/93048.97.pos,Qme4mvwiqwJnK9ymhH1JXsMgUqMFXrGcDimZv3ChisCsSG
1997/93049.97.pos,QmZ4AmacuSSqskj1S4X2aL4Qwnx6PGxTCji6Afqd5PGYhB
1997/93050.97.pos,Qme3SsMMopoJe27mEFyJV3dXYGTEawacGCnzCGcGNhpL7b
1997/93051.97.pos,QmQqofBEyzApEnNAybEX77Lydhdj8Ha6XwUxdCFeg9d3Kn
1997/93052.97.pos,QmVFwuqknFAtLaMb1iA4cy9vgJm75GhvNJJmPKiHrQXqGS
1997/93053.97.pos,QmWw7x77ttWKMYWuL5dURyARjpB8JbYxqDcBFdLiyZfiUx
1997/93054.97.pos,QmaF2qbRwvPk1YG4P3xQCRi4hCBy1RJZdTghBWSbR3ENhf
1997/93055.97.pos,Qmcc4QqWSSi1Kt4EwFGJvQPq74qZxBaz2d1nra9jzhfZKp
1997/93056.97.pos,QmTkUeZD3njgYghBgra5F7TTsUXacVKwSF4g1NkDRM6duB
1997/93057.97.pos,QmVQCqUk4fCNGLuAP7s9ZbucYqq8t9QMfnRCQFFxsjbtiq
1997/93058.97.pos,QmW1WLeq5deFshDjiQHoHs28bj6hEFFLe2UcWLcHf9dSHZ
1997/93059.97.pos,QmabhuB6wsppaDqFGe92cMQt4MFxW1NyDmcikNuS1HBabA
1997/93060.97.pos,QmQvvRwicsqWjCzS2dhbx61vhL4GH7L5tZJxGifUo6xogv
1997/93061.97.pos,QmSZ2Wca8jm7Lg2zprVgtT7qY7L6jrrtvvYq78oZeREFNs
1997/93062.97.pos,QmXVeDD4MzjqhoN1zQss3FtJU9GaHxyf6J6BUU5QBHPZad
1997/93063.97.pos,QmSan2GpyvT4JkQiu68oKYYvEboRukfPSj6m8wgNsuZdsr
1997/93064.97.pos,QmYv2a57H7qnJyT3T8EP3DGiy45ws8b9McsMhx9FstheUb
1997/93065.97.pos,QmNcHpuzzPvMP8WirsKxd2V1vcG649AcTb3QZRtJoJmHpc
1997/93066.97.pos,QmQmBMbbFxWPNLbwu6S61eGVBgz6Pkscmr71cwysQ5iyQs
1997/93067.97.pos,QmPJz9yQ5ug3ShHMSe84eoupgttF8CCMbhM73wRQPRXQJG
1997/93068.97.pos,QmcY5n9MKQNPogKHR9zrmTx3f2cBCT6vHGxtwm3tNLiDVc
1997/93069.97.pos,QmdKZjrci843xEwA3UoKhsvNRnfNxfKinj9AyDdkc7SoVk
1997/93070.97.pos,QmRTdgAURAJrohao7jQ12qr51s4jmQJzQuTH5pAVBSDZqo
1997/93071.97.pos,QmQxHtksKjBecBYjXvER4mv7ioDgEc1vS5zb7LQDRbeUHq
1997/93072.97.pos,QmY5FYtqQUhcFuQFXdQZP5jmsqsT8Cy1ZzFkzGuD9cUijN
1997/93073.97.pos,Qmc3iu1qqiYw9dFMWnVo72yDzitquciKBaqJ6y5w7YPsqS
1997/93074.97.pos,QmPy2zc8rVjscoCYZjWbdtvBtaMUSirC3BTsCgTMVQGuNo
1997/93075.97.pos,QmZfeJqBELSxqgfWNA3jsUUtS7AxWZLJbGMVfzKrCAeXJ5
1997/93076.97.pos,QmRYva78sKh9cRodHZUgCTMTJtcoj4QWoSmJPCeCtcQGYU
1997/93077.97.pos,QmVQ5K4eNUCDtqwpyoCHyLT1KBNvW7Gav38GYksf8Y13kb
1997/93078.97.pos,Qmbob9KzkurZohrorF7j2dA73TbHzsE9CfuH5dEoFeE2sG
1997/93079.97.pos,QmWhRMHabS68qNhvyWqGtNbSi9CS2heGs1dWSuwgERJH1v
1997/93080.97.pos,QmSowvQN9VZg2wF4imKS5buyFYFKbyhg5agMLU4aiDRtWb
1997/93081.97.pos,QmZSU3W35rGc3JLiojAZtgLxsgwBdzfCwWeq4bgo1nYhbh
1997/93082.97.pos,QmZGAbNeGYhmkae37hvHNy3huj5CdPwpqkpoaPX47abEgL
1997/93083.97.pos,Qmc917twDXb5FU6TpgywAkNHywTGNCCBr8Eog9CgveBbrs
1997/93084.97.pos,QmUfEpjRqo4vGqb2of624DcTnrgfRYQrG1wi1HnGzbkd1G
1997/93085.97.pos,QmeP142vvKBZbKuxLjgBaEZkH4tNZzbxnfc6vdswDKYZsy
1997/93086.97.pos,QmaccsadnA9trGY72jqFqdE9oGtRH35QdvPYbk5KYHNyBB
1997/93087.97.pos,QmXqWiy6gxuZtuJKFxpZD5x87LFpWThiZZBopDheSdbPjZ
1997/93088.97.pos,QmQHLDWTPJQyDe6g462pBy38bkFQTF3fMCX2oQCUPfQqAe
1997/93089.97.pos,QmTLmU9jVVuKgBqjGH8zWaPX7Te1BuuGwzA36vrYJAaE8m
1997/93090.97.pos,QmPGNzDkk78z5Xy7MVheZhCfQVidheCQcrgpXsjh34jF6d
1997/93091.97.pos,QmUDQ4FX3Z8vFJxVCaJnWQanqB7JpwcfA9P2QgjxKv99rv
1997/93092.97.pos,QmPeGvcvbiUBRwRtv159kd2cTGYavTmReaW1nvDTYe3d9s
1997/93093.97.pos,QmNveqK2NWzzaHiC1x3ftP7YSEtuLPcecJTBYXKzPvfXkg
1997/93094.97.pos,QmSp8nmidXPwBiZgaZ7VQTTWWY2c9Ym9RwYpAgAUFzZVhb
1997/93095.97.pos,QmaZ5i9Lm2wgMGLaqXcBwEfFc3NiuC92yUfa2E6KYS29Vm
1997/93096.97.pos,QmSiWBqjRCo4J8xpwRcE3XNhQRMTiDtY7Sz55AHAD8AHTh
1997/93097.97.pos,QmdMFY6T2nRXeSZZmWX9dAFmg9NRpHCCogNV6UZGbZKixt
1997/93098.97.pos,QmQkz8vdvnKFxb5e1GjTMiJWnZjkWTfkySCAUKFeqVfi1i
1997/93099.97.pos,QmTUVj5kDe7DYwfoPGL5CiL7Bhs9yvBBhCSFjBXGHSaunZ
1997/93100.97.pos,QmTzixYJf9En5378SFivQFDGRabtPB5sLLPoqq1ThK1hbR
1997/93101.97.pos,QmcdvrZX3QCDf6pdrLwhvuiZvuMScM7jR9M3AUAbgWitaF
1997/93102.97.pos,QmTYN3sjLpnoGpEoB8BV63tJmkfFX1no5dHre42QSZ4FKg
1997/93103.97.pos,QmQrMBrgDbahXhpceYfxSm31kgCan5oDoRwYzF1vvNBWqW
1997/93104.97.pos,QmZhKsfM4zL9WxCk3rzngBjG7PrGJGLLqbRWbtPyBQb1P5
1997/940001.97.pos,QmaKc5zyMJnsW5mCrLRk7NzCrsr25GhahyaetZia4MKX4X
1997/940002.97.pos,QmaqpoZswEN6R44aRJvRjcvZjVvW2rEUdKGc491iLH5nRb
1997/940003.97.pos,QmQchpkR4mFTb6dqMmf2VDeHPmY6g5BdQNjsDdQHiAxyHR
1997/940004.97.pos,Qme2eeTnDYjwKQUg9qBRCBpDFh8tjCh8HrZTCvu9r1ZR64
1997/940005.97.pos,QmVTVsQMHyFBSrNt12DSrJEw8W5gzEyvnveqJyCMF2oSft
1997/940006.97.pos,QmYGqnm9L4dNdGfLFebSatQiST7NTx4w9NXJLVgxsiaE9m
1997/940007.97.pos,Qmc5G8RrsqBvPyoFeTtZHztr1yjpWiRutfhDdKxmr617wg
1997/940008.97.pos,QmVU3QVYafXzQCxok2yCjNonj7GtKJwTWxRgeKh1EbUvha
1997/940009.97.pos,QmaVA5acNdPR8fpyx8u8ZjdCcmPshxoewiUYkUVJpEAf7F
1997/940010.97.pos,QmZwvnWmTnipRSJKH247QFKkJ73nCSAzxShcjSsrWFWdeb
1997/940011.97.pos,QmWJ3jbd2xwmq2QvceqwBhGMJhdXaF5PKtJVfZda5xZoKz
1997/940012.97.pos,Qmeg3WHXiXi8wdbQGPZAeBFtJWBXJ2995mZ8BakmyEo3Y6
1997/940013.97.pos,QmcaRV94DP2X4C6Kv8wDqttLWFPoR3tyHqyfDCZWzywnNz
1997/940014.97.pos,QmSWwHpD6SbjNdgwkS5xn1No5aog2iG6h4tyUkYRrMQdMe
1997/940015.97.pos,QmYJ12W8u7Eph7F5gg8PthDgjQa29zU1DyjJt4qbPqfvP8
1997/940016.97.pos,QmSiBs4NDareSqoPMjQDA73fVLiMvRuoztbeyxmPtMeNgd
1997/940017.97.pos,QmQXrQXjxE2yuGxnCpSrrK4RZdYbhKimjwiznJrqa8642e
1997/940018.97.pos,QmUEf9nPw5RpzHWi5HqzkkfL8mJTjFVE7p4wFrTQyUWCan
1997/940019.97.pos,QmRnCQe2sMiZ3dNvF4nSTVMCDioWudJaNtBWSr4Gs85r35
1997/940020.97.pos,QmRUQuzhGWP2vwSXnbGLAWbNQznNhTqgWr9KQdRfRkrESg
1997/940021.97.pos,QmVyominjdictLPCg6MpEjhP4CzbtE4wwm8wJLxntxAmnu
1997/940022.97.pos,QmbmroxKXzMSXC8MoGUvdaMaHrBkDsj9HUdoG8GbN8uy5w
1997/940023.97.pos,QmSC2pTw94pnBKSXwUTj7HD63sSnXVoYoq3rqt8EjCM5Bs
1997/940024.97.pos,QmbkRa1vdjmBkBU9F3YKAAuGj6jcKDWN955H39aUXUvUDg
1997/940025.97.pos,QmeAfYoY54Yk4NcUjTHHy2pi1whop9Pk4odJBDoFq31Nmf
1997/940026.97.pos,QmXXDSoQWZho2N8BaephUSk9G2g9f9TGZPZgp49CbJmB96
1997/940027.97.pos,QmNQdbggHLEZyZRvuyKBY7fqjx9KgjxxCEaUghN8fHndXa
1997/940028.97.pos,QmWPRZp4pEzWZNiKZJtvdQAMKP6hiW4jHUqzFGsPxxdTPj
1997/940029.97.pos,QmR76ib2XcG9WKvy3baPDEJuazCsfTP3fHZXSLWoUoh9zp
1997/940030.97.pos,QmPF79JxLEDCRCXoGCnAvoGQeCGEYqqpUvCK9q5wHX1Zpw
1997/940031.97.pos,QmZdX29yGiJ5WQCF6vryGfPriaPKYZ1LEMWNPY3Wx3V7zU
1997/940032.97.pos,QmZ7ULJyRG2pK4BDEgdcjh7tBvcBugTnbwogMtgrMTdJqE
1997/940033.97.pos,QmeRjvYAtnufKArNwnhNUvEtzqzWo4SufzhyEGZc6FeRFf
1997/940034.97.pos,QmRX8gbEXRYoKwCdEdw6okmcxUZAfCPx3fr38ZDGuaFCwT
1997/940035.97.pos,QmcdMidkHEp1D5U7fRX1zFR1XtFthgvHkdfnhVKWD6Spco
1997/940036.97.pos,QmfAGdkCcWUK33eUtCykhgdbAosuRLbaXWkBvd1GDF1Ugz
1997/940037.97.pos,QmUob9kK8NeY3aSoPFX44mJe7UDXTyKLr7hMC22971LYP9
1997/940038.97.pos,QmVmbAPH4DAwJ7N9dn5pVzwt7SnnARMe83A6Tc5m3sKBrv
1997/940039.97.pos,QmWVp2P8cXQn33iyrwdewFPW95ikK4wXkhRYSfacfRZB1b
1997/940040.97.pos,QmakqB5e9EhgudB66b94faQ9ELAuvxpYxhtfw8E9Ay475d
1997/940041.97.pos,Qmd7tYiBBzKinaQCP98G9qzZgJ197fvzmsERoswDQDf88U
1997/940042.97.pos,Qmaafm6WLYvejQX9WZKqG4n5CqDXdSTF5Ux94wqpNXocfy
1997/940043.97.pos,QmSRjuMi2Tf63KJ7jUqQS2qEoXJyvM8zPsEZqnJAuFV8bM
1997/940044.97.pos,QmZpRn83wF9SwqGXUKTxuufQAFR2vjKkw6N3oExgnznw8E
1997/940045.97.pos,QmdrmKM2SqbtyvxppkF6sMK9PNDotFsD85kwGQ5JbreWr1
1997/940046.97.pos,QmRdyj4euazf9eMsLrtXDyniTmP4xfVXL8zkPMmV8Hfhyc
1997/940047.97.pos,QmeheX5LdJq8MkZj4usHVCAaRhpBiFUJNWb2Jvjm9aktNQ
1997/940048.97.pos,QmUW8bd9Swk6pxK9nRDqLHbLnTZWgoLGKSbhGYBvDiP2Cs
1997/940049.97.pos,QmadFEVA8xKf3mviroQt2ZyTemL7BT65EUahSVVhofKbNr
1997/940050.97.pos,QmcacBYDtzq1vsDehk7qcEXEBTD416yEqaGfZnAfqn3tkS
1997/940051.97.pos,QmdXPMHUwbSbq6P728tf2jLwASPEy1Q8GuJxgyoPg7QcyU
1997/940052.97.pos,QmdKjn3MuD1tQZfege2bMvUyWmT8jMGC4qRaskQJN3JGvS
1997/940053.97.pos,QmXrWdEHFpBWfm8BTgZfu5kLLAwouBNq5quMbu8X1ZjdqH
1997/940054.97.pos,QmVs2WsLWqGLoyaM8YPpgBarw6xXfZ7ScvYmznU3vBMDif
1997/940055.97.pos,QmXMHEzpF7GSRQ4LXp5vL3P9u3ycmktDfjBjk63rMJdxTE
1997/940056.97.pos,QmZqCGNEiDhPzU7NX7P3ENua9XtBPPtW1c5L7gprmH38LR
1997/940057.97.pos,QmSKD49bb2CTdRPJaSc6yWmeTDJMVik1HnXxxFEPDFWdBr
1997/940058.97.pos,QmeU9w6xopsHYha56tmWXrbbVyK1LhDq27ki1aigELLPFJ
1997/940059.97.pos,QmY2mFFUxcDpqrwnm39e1eUvd7VWvhyvrBkptH2ZBszj6i
1997/940060.97.pos,QmcsVRRkFF7JSLG4r7FAWwEX2FtUytog6ummbSq6bqkHPj
1997/940061.97.pos,QmYdM6jfRHkEL9xHsczgFXKUrD9KSJabe95RYA46uxNKVn
1997/940062.97.pos,QmPz28eUiHesjKjCzacYNtnbu56xgC3Q96EenXwbgyhHrD
1997/940063.97.pos,QmQvUtFqqmv6HP27XxPkxfq96FvpZ6db7WTGybCQHdScBP
1997/940064.97.pos,QmZGTSu7s8uMj5PLCTEGFCbbLvgStuGLzKxtbYwL9cPXhj
1997/940065.97.pos,QmaYtyMwiLiv2x9JzE53HtH2ZRrubKuTx4BijHWw88UkNF
1997/940066.97.pos,QmXXLaq5jcVBcdnqp38NvCEE3HT9zdnriBccMkMisVuxKg
1997/940067.97.pos,QmPhaHTdfX34HcNFoiieXNNPNK5pqRCcVpGsMY83EYq17Q
1997/940068.97.pos,QmUXrjfqDmj8U6MHq5eG8F6MyvvcBik92LTH23HxnWyiSW
1997/940069.97.pos,QmPHQTxZ7VVnbHY4GCtBNJZCA33dfswdy4L63mXWBymKDb
1997/940070.97.pos,QmVnktYafbhnzzdrZJs3mRi7vMiUHFahjGLymFAtPBf5gi
1997/940071.97.pos,QmXXWksUqdo1Py8r8sNo3rxaQBszqR14N9KfkTkt1AHqub
1997/940072.97.pos,QmagQtVavTzRM7dCkTpjB2ivyr3M1PHSnJR2EhGv8gKXQ9
1997/940073.97.pos,QmTHmPgz9bX3KuR3MKeAgK7JnKG9h2bvszyr9WvWYwXA6m
1997/940074.97.pos,Qmapq8Tq1DrNZH77dXozRvGGVxYqXaSDHDXBjZCsnXcXFC
1997/940075.97.pos,QmPgbUbpnBS6CEt4Xb6UyyFia3fVBU8A9ZQH2h13TV7QwY
1997/940076.97.pos,QmYb1tSk3mBSyL58H493wKeQjtbsWj2nwQFoKuAjpmJ9QS
1997/940077.97.pos,QmVdMkv6mcJtaPLLPk3fSF8wDqEa3DcXfFoFHwBxahoypH
1997/940078.97.pos,QmT9tHScWrjkByyg6p3THQAE1XJuW5FQxkj3gdk8wiqVNv
1997/940079.97.pos,QmRAoVtCitssEy9utVdV3vsNJVKR1BPXEi7zXcUVGVQ2gK
1997/940080.97.pos,QmXZQQyL7N6ECmTjsDEtPqY2azTn8aPAB539QBXNHMbWRh
1997/940081.97.pos,QmfXXj4y4umLd4P5aTKTW9WFicRGYuVYskhYYMGejCqR4T
1997/940082.97.pos,QmXwdbXAK1fy6qLTXtnUikkExqDfPSxQXv1KDexX5uKUZG
1997/940083.97.pos,Qmb3kguoV2f9YpKv7m2AKc8yMnr8toYwpNrpGb9tBUBVS4
1997/940084.97.pos,QmQ71P4yhDW8hZKyiETqCFpPc5zsH5QMggzY82PzFm9dfw
1997/940085.97.pos,QmYnN7S8pkrb1geum1d1p9HhhuwRFcvCCsw1PkDb1m84Jh
1997/940086.97.pos,QmdqqyUEbZmRWgkDPxFnjNtWVYAZDe5wZKaYDTK2Rg9Lwa
1997/940087.97.pos,QmRSStn4rN4n49mP4AvY3AxQsSFob1EtwthJZhKKGEcV8j
1997/940088.97.pos,QmRuBPyNEKc2teDCMxu7AeoY5bAEdpBDDvFkzDyc6zzjXh
1997/940089.97.pos,QmUAeRGQpRUR4vKGHx8dQVfvi4TTAn7zxqBrEvE35CBKRu
1997/940090.97.pos,QmbjyhxnKw1tjjmtSjXWiNAa8qymxfg8SXiRQ64fyyiaCM
1997/940091.97.pos,QmdHuBPhoJXyjTde6vs8kGUJhH1eWTTfvjEYxoDcsYFa1b
1997/940092.97.pos,QmeRnXakuPPYseFfChwbrtnXjRPFUZ13bk72tmYJAXzFaD
1997/940093.97.pos,QmbDBvSrzm8arENFLcJDsqm5gf9DB8o1GeboaWrqNWNmgM
1997/940094.97.pos,QmcwMgYUT37spmkGee3eXaugrqgJmhvQgEopHxDqoCTjHZ
1997/940095.97.pos,QmTWBq7G5Gyt3VeDg5oFAs4UGHKivHeHCpEKbQiSVvURNg
1997/940096.97.pos,Qmcd5iE4USUWJZGACvHzFX6dSDU4VG6osSmUMDicdE2K9s
1997/940097.97.pos,QmUZKxfcPVxXcVE3SikT3br3AE5UKuoBny4mLUg2gM84so
1997/940098.97.pos,QmaBKYbJQPoLh1ZN8zYmhMNLcUZcD6g6ui8jApcuu8GkLw
1997/940099.97.pos,QmSdZFbuhBDrrcv8cW8T213p5Vttoij6rhnUM3Ej8ZVW4t
1997/940100.97.pos,QmW42Zi6JcGycjhexsR74ZWYsLn64yCF37jYbgRmfGDPer
1997/942001.97.pos,QmU4e7BkqVNFo695XsgiL6Fajj9ovuH7DvLmkfAouK6wZt
1997/942003.97.pos,QmU2X2yojqd7UP2LDAB7Hd2khkRXdk3TfvWWFWEeTu1zRs
1997/942004.97.pos,QmQ17mqrfJhvngLzerZFNcMtMvPU33sRs7MFJ3NgaeL46K
1997/950101.97.pos,QmWK6sKj6RU8zhZSEihoaAzNSV7H7nA3Dme3LPHzq19Q45
1997/950102.97.pos,QmZtHyP93y5JbTfA7vrd4unetEdeA3tto78tTPanSTKEKi
1997/950103.97.pos,QmPCCY1SqQJmgqaFDXEHApzdzZEidZhitgaDzyQXcnpSho
1997/950104.97.pos,QmcqmjgZ9jdMTKqXTkjy8jVJrTf7zQX6ryz3CjB9sjMAUF
1997/950105.97.pos,QmUvV1sFUGnSGpmLJyPxqJzrqLofK38yyYr5QKKkn4R6Xn
1997/950106.97.pos,Qmdm8fthGgoZkStd6crVfgbNoWbppgpNi4ZTV3PAv74ncr
1997/950107.97.pos,QmbvLsySgB2PmkD2KRGWFNgDfKyk8zyVATy5cjKjsU8Rih
1997/950108.97.pos,QmaT5NqgQSDxu4mgPiRZCwAc1HpmQLaDALJXRGyT92f9Y5
1997/950109.97.pos,QmQbZqdVFCMBsJS3gm2abytoD9kGv3USiUv6rXPwtAM3NM
1997/950110.97.pos,QmY7nxMiAs8X9Z8K2izinY7TbisumPPABZSp5SsbJ8m1Ni
1997/950111.97.pos,QmW6rsNrSN1wBXXhaSVtp827EYGcD1ArQR8AxdTH6DyuLu
1997/950112.97.pos,QmVHck5ThfmHLwkwb6s1Nnjrkq6TboWh3yK41t5GGJ2jDY
1997/950113.97.pos,QmP2FwAc6NPg8jZ4vcvYZ5K4yY9kegckCThouekaiUt8D8
1997/950114.97.pos,QmSd8XHvDDXX3EF9nKxMa53NxSqWHvUEo2hnP6ctA8Terj
1997/950115.97.pos,Qmd1qCSPGnUhrqpq4pdQGeRymkg8FEQYjLCu5dXu7uUXve
1997/950116.97.pos,QmfGcnuiFoThJQPhGeGbN7oE3Gd3E7PXCrSnhvrfKhtbc1
1997/950117.97.pos,QmQNKFLGyaYWnVxVYJD5rpq5tSKHZ88zUWFxrr7g2La8QT
1997/950118.97.pos,QmRgr9negZgMVw7PMFUeVFx3sMAPeWarc3rMP6ysg8Ekjb
1997/950119.97.pos,QmfRCc41kmYQ1maHWhkvX1P3wyACgAkpCbbHu41GxNkn22
1997/950120.97.pos,QmczX888EPXg22NA6ieJ9P1PvmNQ7iq1s1p9er1S4e3M9S
1997/950121.97.pos,QmXCzzkFchzD9yNWfZ2jLmQBnccf5yctg1oy5k1fM7tJgu
1997/950122.97.pos,Qmar7DK38ETdAFWDiQdYKGZuLK2fi7ez7LP2kMmZRKAjxE
1997/950123.97.pos,QmahQVd8fg2tTGJe5cfeJ7PQFP3QCPiCpK5fWncwB3vLf4
1997/950124.97.pos,QmQ87w2z3yMFAcY1VtuwVZVNbrqowwYdKaY1GiWqWukzvw
1997/950125.97.pos,QmNtndgYUomqBdF8AXg6AN2x1JE4fRPCGXYri3YLvzCDfk
1997/950126.97.pos,QmQpfpgZdtVX1vRMafnmXFk8nZzxZgq3oyGjiz6c6PMLgE
1997/950127.97.pos,QmVvugwHmP2k3ZWTTJBErxK5dnkeWvDAtED61HRKRfrMXN
1997/950128.97.pos,QmadpqoTeWRffcsGxULkXjChcRsuj1KaebYKGciCYHjbbK
1997/950129.97.pos,QmQXpjZty5cYmDUCGjHKmMc6RMPDVcFnt9JCuMcsv3psCm
1997/950130.97.pos,QmQNcZqWDAqcBxiXhERomfWN1VV98Mw4zsM19smygd4UnP
1997/950131.97.pos,QmZxA3ksesaRKQKXmtDmaWAreAQn2vvd5kAaZ65dSLgaUw
1997/950132.97.pos,QmRcRc3cMkhjsUQYGaXux6fuP9WkKrkSZpJf3p6fG7BTcX
1997/950133.97.pos,QmQZrt36TUuF7J2k5tpWyQY7kdC2mSbt2TurScWJB6DQLG
1997/950134.97.pos,QmY84WTGqt7hj5n5vqkfQedgkqVsCptwE1hoyw6oyid7uZ
1997/950135.97.pos,QmZJV9BPSMTnd1KqqErNGP4RH8HkgKcCdSbuLp3ZxtCEBm
1997/950136.97.pos,QmWG4ZJ2yS3Gfhtfuy5sx8q53YtsG9dt3tDtFYfD8C2eCS
1997/950137.97.pos,QmdeTDBBw3TDWAbMZgK25pvQ2kV8xwq8bGbRA3GotsBmSk
1997/950138.97.pos,Qma8SBmdVW9BuW5Uzxed7NXRanuf5DgEfNiwRj43DfNziV
1997/950139.97.pos,QmfHQqHCYce8aaNKqW4JUGe71VV8H5EotohhgxZqij35B7
1997/950140.97.pos,QmXFrefXEjikYuxa5bAH6k31sYiZ9Zaq7UnvKUwHTyDx8V
1997/950141.97.pos,QmRjNiTFZA3gHmKGF6d8oCZbnx61CMSf7DgeZ2WvbxgzFR
1997/950142.97.pos,QmQcdb26wkWgz81ujx8Q2tSx9epTzvksnVzPCQggzykR5K
1997/950143.97.pos,QmdN86fCyMvS9gci7J7H8KepSrbGdetKXUM4kCMweG5JYd
1997/950144.97.pos,QmUrr6y7F85XXzbwwkAQ8KZGkwacazKL9YRDzkkwezsKnS
1997/950145.97.pos,QmVNr5a2bFnWYFRvfRruaDP8hVQHfFrq7UgZjaTg6HYrAY
1997/950146.97.pos,QmZKSYPtRGMmRE5gGPPWDGpaySEhSWevWsEQwgU8wqH3ST
1997/950147.97.pos,QmfCEb6DzaC7TaxvvCS1kpAEtY1ttDE2WMBHV7cXiYCXzD
1997/950148.97.pos,QmRVYmWjft23zQCwc2azv7VgXDKX4fhArD3bLe15NiWZU3
1997/950149.97.pos,Qmc4BfgEEUEmkRx2WtPA7ne4efbJ2Fq7qtVqBDVsZbsvqq
1997/950150.97.pos,QmTf1pWmx26JDa9ExyVnt9o3yJZFdJuCWrqVVFH3WYeUTX
1997/950151.97.pos,QmS4btjHKxcrmtxUyGoQfFHuyZhUzmZmAskGXDawUDNg9W
1997/950152.97.pos,QmeBhUwpkjgM1cj9LKiTKS8XMPpqMVGGGDetUKKRGiUUtT
1997/950153.97.pos,QmepSErc56M4dZiaAYMu5tWMQhscHMdmB3r1V1o26fGb5V
1997/950154.97.pos,QmQESDvDC29XPSXeordMf51RQk8ycYKRwc6bKMA3k9Qtqr
1997/950155.97.pos,QmPQ8nCS8TbN3ev7WX82WsfwbPyXLVeXgh2DMBKWTv3gsy
1997/950156.97.pos,Qmakj5SiyDYgoJnWryL9w8nWRvW58wrCUw41rSxXCHBa5E
1997/950157.97.pos,QmaxwuYoafmx35LWDvyqwNhoKyq7xvC4ScAnVZR3EP4Fsg
1997/950158.97.pos,QmYV8uR8LzsTVj2NPwUtLvo6FvVGjyaAGpMTiD5cyCTukE
1997/950159.97.pos,QmPvYjZkHeK3hREBMKF4kmXxAx4cuBAy1SogpHQurif4Dg
1997/950160.97.pos,QmcZXX2Ny3R7AsaHjspadarGFV573CespqtDqg7srVnXGe
1997/950161.97.pos,QmNzDBArnAYoS3J9JckuXisF3AADvinNxMQbueASFBnwF8
1997/950162.97.pos,QmYxAghaZm8T78gnKh2w1Kr6FcLkuhK3W5hnyKRnS5btp1
1997/950163.97.pos,QmXBApWBWt7f5bCVuXsJ7T6PyK9cMG95qBakSvhLwbKkjU
1997/950164.97.pos,QmQ9kpkyRuLCEEmKdsoQyyYxtfxS4C4uDcvVmFGrWF8eG8
1997/950165.97.pos,QmQ3EEGRJoY44sbkUwGjB4HQ9eFZFUDgLZiLm4FenwxjFP
1997/950166.97.pos,QmcTuPcEWeT7pfisUSG5JLF7ytkf7CFokT8rSWi91LuoYz
1997/950167.97.pos,QmUxL12TroEebdcREz29pnPmXPme8qEFZhss7Pux9vxnPV
1997/950168.97.pos,QmeB2JGfnoXYybp4fQnkYtDxHgNssQKVkLfkB3g9EdX8zk
1997/950169.97.pos,QmbpBQkVxx2BrPWToNvgsVsGrg1GeJPUV3BKYdPGvWqeDm
1997/950170.97.pos,QmeTqbfsysu5sDVDMtALsTvHxj1hSU6Xyn2fcyJVawZCfc
1997/950171.97.pos,Qmc6k9uh4E9JUtecsvqs88nWR2YC99AZVsBG8cikizEkH1
1997/950172.97.pos,QmYsxujUaSpbyme3gVWamrqPZWB2RR6aZrnhz3JdY9AcUj
1997/950173.97.pos,QmZ75RqWLqApfEmTReWEqTenfYkwLpmMcsmgvU1GSd75By
1997/950174.97.pos,QmfVnsZ75PjxYMKSEAkCGGDvvQGJMvvAUD79cKvdNnMvWo
1997/950175.97.pos,Qmb7gS9LgXezRo4iZDV1ktPCZxc1mziweQQUzzEvjvt99S
1997/950176.97.pos,QmfZFTGxJL7sR1Je9BKWPqgqrtDu5aPVaXxA3VGUZ8KvrL
1997/950177.97.pos,QmPftLf1uNd7xwCYhyMoaUU2iNnjyo3AyyMfQxqXjJimYm
1997/950178.97.pos,QmPKLpX9TaLEDeenx1jtCvBF95sBRocm38CrTB7WwuiWRR
1997/950179.97.pos,Qmcf3yzq7GsHCM9wRTayQqoyWPby9HAFQqrdMQfwpoujZD
1997/950180.97.pos,QmdQ4egw8LmfdXpQizLv4W6AVaVSkvch18zrXUtWw6DNG2
1997/950181.97.pos,QmNeSgFiyhvi1KXwc2waMerJZQTR2DP2rNNMvi85p5MDGV
1997/950182.97.pos,QmX75FLrxp3HXwZUqt4T93NEPWXgkh31kuT5NeJrpMqvbx
1997/950183.97.pos,QmRiUfAFY2ZKBAXr9ptmY9jh1H7HJPFmer8cRhCF4Vbmwo
1997/950184.97.pos,QmdHRPrvLzuiDtFZAY6muAAU5HiwhfAELriWkCCtFHnBRY
1997/950185.97.pos,QmXZXRVMKCfZp59SSMmN538mVZGfvPvR3wW1T8fWtqxrnj
1997/950186.97.pos,Qme1kXC2sVncS3BgcmqnjAuja4sDQsveC397EB4PcDmCKs
1997/950187.97.pos,QmeQP1d6Jpypa6pwdgx13rFFS4UjUFJBqzcASTgjBmAMHE
1997/950188.97.pos,Qmc32wGFNkD4qYwbdvaT6YAgADh49ri5fkSw94SSyyXLtc
1997/950189.97.pos,QmXsoiJH9aoY5FspS9qFGAMeeancxomM1BZrydzSUy1DiL
1997/950190.97.pos,Qmb2ekgdAWKuStRmzKrZpvVQrQ1pFXNr2rLg2GFKRKFqtJ
1997/950191.97.pos,QmTz8wd8QLeFnNRggVRp4BUuuYfFgTesinTM53W5ck5rK7
1997/950192.97.pos,QmRV16ZhLdikSvA5ahx7dqXXpiHJUe8WWhHj87BQtpmfx8
1997/950193.97.pos,QmYKL2uWDPzGpUR3JC9qqvYjxcjJpohGxQFQfzAofEqBv1
1997/950194.97.pos,QmPqMgK3xnWYKz4a3hgR4ekHi8JGWznzkxqNrNuaYrJP15
1997/950195.97.pos,QmQtp6XVUZdwEhQEQWwppbZzGhm6LMYeCV6bMVpgsK1DAf
1997/950196.97.pos,QmXLzhvwMabUDqFZr1fToX4ErYjKg382qkj4sKDhbkexgy
1997/950197.97.pos,QmUoN8znfVRCs3Njmuqary6G3advjVMonwXF2sqsVFwrCK
1997/950198.97.pos,QmaffgptCuDxYbPGBdVQMQ4cXb2JG5cfiyrxmghVqdsVfr
1997/950199.97.pos,QmdfKRdTAqzNbJMhBu8bHQM61C4VcGrm2d3xtmpbYSmMo7
1997/950200.97.pos,Qmf4cCsigygWYwEdHiYit6EogDfBzvLm8ZEwvP5YMhJLaR
1997/950201.97.pos,QmQEDY6rutQ6kRXcHkEysm3zpSPKPk38Fru9TbBkanvsb6
1997/950202.97.pos,QmbsMbp4K9CvQBAWH9JGzJa2ZUu9VhozJTaGvf1Gv6cEoK
1997/950203.97.pos,QmS5FAYaKV6pLF5YFFFiUycDYKTSY5N5PMWoWMrATKyqrx
1997/950204.97.pos,Qmat8znJLJ9QTGENqYVUrTsHbkqE9niFdrPRRvLbpAuCop
1997/950205.97.pos,QmV6HjhG7j94kmAjvMdxDZKhGEcZmnWQ675t6jF1DekwWn
1997/950206.97.pos,QmTZYwzXmDzM26v7BzqbU44kziGGYzi2V6WXr9x8vzeKNw
1997/950207.97.pos,QmZaJHsob78NonDcTKp9F3nrwtucbYnjRp2j53KkMx1jrt
1997/950208.97.pos,QmWZvXJTrn49parERv145BhdRgEWf32CuEMwKbDzjXUjmF
1997/950209.97.pos,QmQyDdjpBj62SNjceQ3LY9htv8kwk2FLVAZtrgAXiVc6fF
1997/950210.97.pos,QmYMFU2HMhCZxeSYvSHYdTr3JpDFi2aQnvTN9C6rpz9aHL
1997/950211.97.pos,QmTpGzywjvXHGocSnUb8EDsYq3BUiwYYBcAgdaa9S5NGoh
1997/950212.97.pos,QmVsNKbxVi5tP8EnBWcqfRfRvQ796qc81TCFoxWTJVburn
1997/950213.97.pos,QmYYP5F1pgqBj7qQi1SYSCkA58EkUzBaic3rjKmK1aceCx
1997/950214.97.pos,QmYExCiHwUJ81AoPsSir1YBTDNe7CcGqCK9xUikYzUKNq4
1997/950215.97.pos,Qmab6iqr4vyKLfjLtUjUMdNDZE5Aq9MNFZzaKvNFavxg63
1997/950216.97.pos,QmSY2oKwbPVHVYEhT5reAAM35shF3MdkKW4ADZrBrN2pCZ
1997/950217.97.pos,Qme5qBG6SHSUV2hTGCX6QTmdC7mMBpr4q1TovixiUxeWis
1997/950218.97.pos,QmR3LVC8Co8bUMfxfvnyZPjnNQSm5PxEPStsrQ3hCSy7yB
1997/950219.97.pos,QmX3aVAyrQSMmuJ85TwAtiQvqVizeBsLqJNKEyUxu4pMRa
1997/950220.97.pos,QmW7PUACUUqi6TxtqWXhB4Us5t13AGWMRCFvwxc2sZJD1W
1997/950221.97.pos,QmVWm2whGxk1p8kB7wYRP9kPtoZRDTH4qf9UrTHJ5Fuoww
1997/950222.97.pos,QmUra2XGUS85A3XKGYjcZewGGJLDA8cSeeyNvzDvFyMZJa
1997/950223.97.pos,QmX5azsK4JzQwXNQg6FzDwMB4JWW5gpwhVwLpEkhJwJp8x
1997/950224.97.pos,QmdE7p8iqs5xTBHHbxsWcjYwxKuVmyW5Ex8UTeigUCx5nu
1997/950225.97.pos,QmeGV6aujvs5ro41RY8GBjoqnL99rRGSk2i3bsfZJwvzq8
1997/950226.97.pos,QmYHifGR15e3Xd9BiCKbN5w7eUZE3ff17x1UiyAptRBvKx
1997/950227.97.pos,QmUSEotY9upkEdBTj1ZY2SB7NrsAUAXyDaBDRR5p87NuaB
1997/950228.97.pos,QmWXW5mKERqMycxyzqZh5zoj5fL85UMt6B83ThV1royydQ
1997/950229.97.pos,QmetdkcQTkj7VXYWry4hT1biscY9MXngTHTSSsc8f3iC7S
1997/950230.97.pos,QmTa6At12cUnjLLtzHVJ41ByhhNsc9znSEj1dcGb9pHfvX
1997/950231.97.pos,Qmbi4nU3HowJQxqrYVrPiUrSRU3qjtFAKirQ43JhVWS8NK
1997/950232.97.pos,QmbU9GZyTbR7iPTbbZX8CmQaCesxYw8UN17s4TXQ8aKgfX
1997/950233.97.pos,QmY6NvtCVC2e8UnUcrKv7W5sPCv6uLEgJmoeAYtbhoyRgu
1997/950234.97.pos,Qmcg5s8cV9x545wV3Xwbb1VCw9TkeZKqn6sV6woW73U7f7
1997/950235.97.pos,QmUJ3943VFxQ3opp75U4ZRcmo4i9E2pFP7qCtDkGDvBs4r
1997/950236.97.pos,QmSzKn1jg4MQMAxs6hHQnuuKUq8bXq6azA3anRXqZh5q5o
1997/950237.97.pos,QmRMSmNFABXYT5UYmKrfouftQg38H8F72fC97Yxfz763rc
1997/950238.97.pos,QmdC3RsCu6CzYrAurH1AZntmHQLxnw8Uf35vHAAcrbfjGr
1997/950239.97.pos,QmU5WJHytMJPvfiZ3fTPSfRmxrsDiHeoB96cKci9LePdvN
1997/950240.97.pos,Qmf2XsxvpdbR4zFKoz6HjRvv9daRsG2HBuUq6VmddB59Z3
1997/950241.97.pos,QmXZtSRGPkwXo9kwBsDuWV2nWC1t3kSRrJ2nij8e79GSes
1997/950242.97.pos,QmTqvKT8g4dYiH6Mu88dDKJ9GFBcUUHVdEu1szrwHyGDFG
1997/950243.97.pos,Qmcu7hmDt19dTa93v55ru5F78qvGoru7STf4HF3VVRBoX9
1997/950244.97.pos,QmXYqneLqSKzawryZgEMArCv5npWuYUAGVBvnUS9WhzwyJ
1997/950245.97.pos,Qmai2qFwpZTZo2DG5CkeanEbAjNoTYYQAxFBPRnDTvmTQn
1997/950246.97.pos,Qmb98nDvrWmUnE9ZQmr6rBqcYsc1CHqPQNSx3siupzK4jC
1997/950247.97.pos,QmY6MAyjFzjRCXyqVeos2C5ZSiFAXy2PvzGfxcriasn11y
1997/950248.97.pos,QmUwwdxpuFmX4oiCb8PnhVX5kjEiKV6zgs7Lf8aGtbr2PH
1997/950249.97.pos,QmcVvFp5xAR61RqUipNGYKuM3zhhqK6KkeVfVGarpBiSxU
1997/950250.97.pos,QmVFm3HTYv6XzdCjGQxApXY7Cd2atfDukTnHg2RjdwRcRL
1997/950251.97.pos,QmcRnCqHRnQgt5q3xVmfVdyxWJqtLiBy7g8dW4tQ7U7HY6
1997/950252.97.pos,QmSi53vxPVudVup7vCfS5NP6Wzoq1L9U9TKz92riUi1xtD
1997/950253.97.pos,QmRVD2epm47mpooUrnaWMqNeire5pGyaY7vjQh1MzvBvz6
1997/950254.97.pos,QmWSb67QwkLJDAfYiWKso9bPD3Wg9msRBiYRE9Jr2xz38C
1997/950255.97.pos,QmSjKg47k4AjhRJzyrsqnZbfpwtZ2w3HgsPNZqbqK8WAW3
1997/950256.97.pos,QmV1gASjzukwtpU2hvjc8btM2Rdcyh54EQKuaAm744rBXH
1997/950257.97.pos,QmPsmMNR2Xb9oXR43Av6xKQo1kN5GEFyXcb9rBnSN5XTH1
1997/950258.97.pos,QmTLmiezJnySasGUQa6eq9MojZEC1fYv5dM2ZNYVuLXc3h
1997/950259.97.pos,QmNjGT37V59DaonrXAAQhohBduZHM5byiVkEWPkxVJG7dT
1997/950260.97.pos,QmWsN9PZuZVGXA8bBaLCp2Ze7puNy112VamreYHr3Emwbt
1997/950261.97.pos,Qmbd4C8MCwLSkRBUyLrYt5XUp7SP4sLPckmhqr9yiDt9aW
1997/950262.97.pos,QmfSUCtxoNhZVF6NFWjuNhqdpc2CU44F9QkWqRdnHDysXU
1997/950263.97.pos,QmYswSQ1FCU6z6WAiYM59SLVhhtvpC5gwTEA6R18wdC3h7
1997/950264.97.pos,QmVtATctjDDPH7SXWtYWQQPgb4viSygoz9jbnxuHpitpE5
1997/950265.97.pos,QmbddUSsDKiL47yEsWLt7NynZXNfN3GrbuVCNq28pEeHsF
1997/950266.97.pos,QmSkwM354JDhbE3wmcg9hz23nQ1g5ckpnLMEp7bLhz6zvP
1997/950267.97.pos,QmdQhDXAdbPMA33BV4aszoUPNxGN6hhqoxHzrULmpaCkr9
1997/950268.97.pos,QmUHmcL64Bx2G82eWC3ZDDkWVGc9L8W7vdUSiXb5ZobFU8
1997/950269.97.pos,QmRVm3UwFr1uc1ZjuoS6od92SjbBejAWuvNfqfBcsb1m81
1997/950270.97.pos,QmWCqzMApUECtY39JEKSv1XQeuAMuM6vdRsxp56e1nBM3F
1997/950271.97.pos,QmdJTbi3LDtgjNQE2NAfj7s9ZaW133NnEYsA4oL7wnccAp
1997/950272.97.pos,QmWcDs39Wp2Pnd5YKNPeT8AHe57BKgFFV2HN5kxyfEFL45
1997/950273.97.pos,QmYWdimczERDeeZHCt1yMAGUTV4ctXCDXwyH9a39Y58LSr
1997/950274.97.pos,QmYeVxYmmV4f8uv6PrjCaW7dcyyB4R4XaPaq4kyaDUajxD
1997/950275.97.pos,Qmf5HawvVgk6FB1m6SNW3XJvMTLegoskzhyzb13WXv1jjv
1997/950276.97.pos,QmXzNKAWyrCT75DjMtzVtG6GV1cq2nDPJTu9CCCJiChVbd
1997/950277.97.pos,QmahkNvvKtXMaYuRFdyxcAkPt5CavjPpGrh1pG9i3p5Kuw
1997/950278.97.pos,QmcbLqRuFL18q6ZSkfT2vW9y1nJ2UrTUWQvEoPYU8dU5x2
1997/950279.97.pos,QmWs7UmENzCEXuuFVoz97zAxfocW8r6yVbUi5YzYVGtMFE
1997/950280.97.pos,QmTK1Xr9edjZyjgGUfnqFM7PUUviGuQqAc7pjrKLN7tBe9
1997/950281.97.pos,QmWE9X5YCrX9RJq6zP4g2CtPfUHbW58Wv4aEpjG6isvErg
1997/950282.97.pos,QmdBpAXn5P7aTjbWieCEp4RKmqHH2KuzNkhGr57vmWmrNw
1997/950283.97.pos,QmYevnPfCcfUk6KTRPPFHhWzspMpaYpB9U2n6UTyRtEkr5
1997/950284.97.pos,QmYSM77B9HjW1nqyL5cFn78vSyR3hDFvzYBW6nddKjCn3Y
1997/950285.97.pos,QmYNkKeGg6SqZ63tb9modHXgspoVZDLtqwrqimhDKeaCtr
1997/950286.97.pos,QmbEve8owWnSCCqrzsCjV6d2y3rBtF71fgzNAdwrqfvejg
1997/950287.97.pos,QmNwy4hEnaZdzuKoiKTozbCFSD3brjGCXScVscS4RwdhTQ
1997/950288.97.pos,QmdDfCjRWBMYBMtUZ8pRZyLxTK5TT5vPXSKSDYGHeHcvHc
1997/950289.97.pos,QmVrDaBkiw31DFiHUnr2KTzUPWE61nFSap8G1yjjmovzF2
1997/950290.97.pos,QmYKkNsHX97sKPPvzuoLyYe46Vx6WXeKFcucQY6ahGnozj
1997/950291.97.pos,QmS6ggf7Xq9YLQmpvv1iYRYkFQrB6NcVrhuHtJATXz2qdq
1997/950292.97.pos,QmeVnPa8xpfr8nHPvKcF5zVRsw8MqT5dMR96exNCNvRMtF
1997/950293.97.pos,QmfP3qdPZ6YvotLY71nqsbo8NpKfankqhEEtZ1DvWSQQNd
1997/950294.97.pos,QmfNqex6xpBdgt7UfYs3EDdq1PmqW4q5UrmQAs4ZV5EUor
1997/950295.97.pos,QmU1WrXW9QxhW3Jx9gbAibanCCS4s7A1fYnUFpWXndz6Bm
1997/950296.97.pos,QmW2FcaHwMKzCA9BVZLQTtQjTM7DCnKHdy6g5J9zU3Y7qh
1997/950297.97.pos,QmPUtdMhJzJ5etoPh8Lj1qxp57AKtMUqJQG7Jxeq9jqTJv
1997/950298.97.pos,QmauHkNWZ3KG569oeXMQ8y4EhtpU2V5YoAxXJ427N1BTmH
1997/950299.97.pos,QmecgSqdy2HNQMrzMH9bMonpCL9JstHwLTAoxCxuGrWBcM
1997/950300.97.pos,Qma2cupwpUcntj125JQ7efbXSc9f9GHJ2Jk1euHjyyVq7W
1997/950301.97.pos,QmXnyfMKkFnksxp5NA5mdX86ZUj5Y9FGrhb9YB4aiKnHBg
1997/950302.97.pos,QmWaPzpQv31D2ueFQHjeGPrWKjnCG6NKPeBxfCHyaxq65S
1997/950303.97.pos,QmbfpHGB4akQAwQPHHCunFPWYdKZqzocnVGxyvn3EDVgdj
1997/950304.97.pos,QmfZVezADV4F5GBXM2Y1sKkm4ap7X5Jf6rGTGh8ayxi8Pf
1997/950305.97.pos,QmcaWYSBWxA9WVTgPnkUdUYc8voqjgq9RdxWUTjAeauePb
1997/950306.97.pos,QmUZCCcLU93SyQJN3gzAm4PXSBYRtvRUFLbPBXWcgvuPRv
1997/950307.97.pos,QmaLFRn1trmQcciq5ANgWHCbzDQpqdj66vuMekjjn14FcW
1997/950308.97.pos,QmZqjodDgQTx96sXDeeDaxScKjPjip6gsYWUjZLkhV3gTP
1997/950309.97.pos,QmZmLxe1jnUfWuopHKCiT4URoA2mAdVoPbQScTdTZyu2GG
1997/950310.97.pos,QmVuazz3tF9bfs6R2GvtZm2TVh5PHkWV6886HmL6D7jX1i
1997/950311.97.pos,QmP85MY41vmLNVc4TfCQyCwYEcYUDcbKxMTDQBLWaht8GS
1997/950312.97.pos,QmWkFU864mSyX5YtM1up3ivZWY5z8WUHXt1y84B1kWFbC8
1997/950313.97.pos,QmRw73vkqrRE96W3QYn1dA67JEi1KZ6XkoPzqXQV5jP3fu
1997/950314.97.pos,QmQ6s8vqwbpnaGZfTEADeiCttwrEQkRUqtRzg2vtqGJfS9
1997/950315.97.pos,QmaDLtJnSFKQriJXWSBC9y5esMirYVt48edXUVAZeDsu8X
1997/950316.97.pos,QmPxhnQJHsrVwGUAq4Rsvjuxun8BKK6DP2rheFHCuyTRia
1997/950317.97.pos,QmQq3y9SQEJ65zCNzMEmg8JEogZWXVKmEUPc8LrouaZiaL
1997/950318.97.pos,QmeX5E2mM2MSG72uhUGgZGqDqoDQiGLGAoen2Ut11inDZi
1997/950319.97.pos,Qmaec7eswGrewRJSvQZL5dPuxjW6D8D2yFAKGh5G9JHqka
1997/950320.97.pos,QmbaXTySW7gGX4rEszE9oXao7dXuKfd6iXYY2m9M9SbBV2
1997/950321.97.pos,QmXeoPvCCPABgGbLNATvqgQUFWv94tPWpRdp2upAXHbSxK
1997/950322.97.pos,Qmej5PobYLp9p1TUjyJGH2KVbFqLB7mhj8wMRR3oSxDFtr
1997/950323.97.pos,QmemB3fSzXov5ijWCFJzuvj4VCpXtbvnGrTDazbaspyEfo
1997/950324.97.pos,QmepiQyz46zcpPvAjPtwWbqfXyiFTYsLke9oLkpmge2WMu
1997/950325.97.pos,Qma9QZwRYk3HKw68ux82EQyLhwHAtw84VUe9TucALfqpDf
1997/950326.97.pos,QmVGP8JbJ4N1tWvZiutBEHrEwKkmk18pRQv9F1juMvm16A
1997/950327.97.pos,QmfVNZzMMaEXSZrnEkjNg3sV3mimXzwyzCmMZGXwTqzt8M
1997/950328.97.pos,QmSH6nXuPhiJmvdCzasVBvhWkVVJbowhFYsvB6tELcaTre
1997/950329.97.pos,QmXmL9Aax8uELMXXJHU1jL8RAGXL6erZthcTD8xL2ey3Jd
1997/950330.97.pos,QmVcga7UjCqwncbmwWXR8f9NXx82qEqBp4VegEyaQ3iGFE
1997/950331.97.pos,QmPFUuonVKvu6v4UsT9p42r5Bh58HGEgeYoxzbJzZ6vh6h
1997/950332.97.pos,QmVt1oA8cxwxyiS1Y9nYdMrvh5tx7ieWfC8PyZqHkuDCXv
1997/950333.97.pos,QmRSxxHbEKHB7z7cDTDDn6mZiygbwagygehVV1nBDvXUMH
1997/950334.97.pos,Qmbd7ocjY7kb4jDxgFUd2rxSQkARkH1L31RTGuAkVi1Fv3
1997/950335.97.pos,QmR2hEBZNStX7NRcedvQ1DajiNiKeJUxEs7jq8bPh3rrr2
1997/950336.97.pos,QmfMyjBWzc5fDQ5ZtAmsmS82S8mfR8ZPppCJxN1rowoJMR
1997/950337.97.pos,QmfZuy7VPYZPwZ2wnXpgKVY5HAqgM8ERmUkZcaXfBVnmXs
1997/950338.97.pos,QmQ4daBJ4xZmoayczGMk66FaRkFWhStdXqFAduuMKwukQg
1997/950339.97.pos,QmYjfwsn6NSFPrLFkYCmpBJUx17MqW51HaG6jY7KiYzL5z
1997/950340.97.pos,QmP3eDfjkJLK3bEyWmaYZq3qvob9spjNUNtgxJZBLaNVz9
1997/950341.97.pos,Qmc9RH6HNWHv4GGsuf63HMnMrj862QJXGGYmEz8zyBQpwc
1997/950342.97.pos,QmQg9BV7DoTZU9VmbXS97BFALCL2ofp5o9gp3AVgnp6hL3
1997/950343.97.pos,QmYpqrEgvCwWJp8gjPAhz6o3fiiS47EMfufjgadpMWTmZU
1997/950344.97.pos,QmV3UT7XiM4kSyVU2yozwijKR3ndqRLqCdTj9UxY5hLX6K
1997/950345.97.pos,QmWRP3M74GpYEwrTEfC6CvWrnDjMZVVexJPaySgbx914Ea
1997/950346.97.pos,Qmd1X2F5A157aFtgq6iJnumR6dWzyUGeBEDXvEmrmQKhiM
1997/950347.97.pos,QmNNKwDrXKx8A7M289oRmBJezJL21UtyGS98BCZV9z1hY7
1997/950348.97.pos,QmcHJQJVmrrBDUr545p2msmiSQ525gYvkKXTAZce2jSq7r
1997/950349.97.pos,QmcpY1GND7NF3NHdMNn37h1oARbvSCmdtvyZYYRLntdhhd
1997/950350.97.pos,QmVAb2iKauaibiAjBvVie1PiLb3ZaCvjW1j7K72VP3qc79
1997/950351.97.pos,QmPJZpGC1ZqDK4fyaAeKDc8TjJsNr14gZ3gdUsRiBgHboi
1997/950352.97.pos,Qma6QspDvu9Wf25sFtSfzSxF1HbKx4v3T26ERgwfggWnLj
1997/950353.97.pos,QmWtXtBNwuPMemPJ9UFi9FPLCqV2g3rhRZLDh6oQ6dbdt2
1997/950354.97.pos,QmUnrPkGnLPQA49hywprrgWXLmscSXQ2tjfSgZiN8QJjVS
1997/950355.97.pos,QmVfKPqsJFYpNc2vRXY53zRNKLCzyrAjULCVCJYkU9Xxyo
1997/950356.97.pos,QmP7pc2JzJvY62aJDYkJDPwMzV2zSAbGzQGBp7bmJuLuPJ
1997/950357.97.pos,QmfGdTd7aTZw3xg7p1QxPSeEEyXEp1i9yb7roiLyqfQDzo
1997/950358.97.pos,QmPeUhdfqd6sUHxKcUgE4kFSR9yBNz3MQyMPdk3YacDV5s
1997/950359.97.pos,QmVXGo1jxKPmDtKNJEHMmbDQi9YS63VWBSKVQk5wmbkXzZ
1997/950360.97.pos,QmU1gvmjxTNuFuUE1h23jxq5houHhV83rQVDeXCdNd8j9f
1997/950361.97.pos,QmbC1sA6BY8Svo55KYi3gZ3YfR5ad43eyQfxEYtA7LUQ5E
1997/950362.97.pos,QmdMuRjk43FNoobh14QQmRQ8tZKpL6H3i3T9puTK3YWqBF
1997/950363.97.pos,QmNaBkV8yHy6euhftbKFv5jKTUoJuS1WTE1CGjyPn5j6V2
1997/950364.97.pos,QmNN94GZFtoVgAEhPBqKHVhxNdqbeUJDc7E8n1SrnsH4p2
1997/950365.97.pos,QmcRKiHBYooBERb4Ci92EruHYuRhjh8CFXWiaBRoRTv28z
1997/950366.97.pos,QmdPjnThWrLFnfvPkxausekWEEH6B2pV1nrUXQ7JNkcu91
1997/950367.97.pos,QmSp3Jayou5oDxy5AQZcTbuX62TeihKmaSoikGVZtUZgLs
1997/950368.97.pos,QmbonC6UcvJnAzK49kfyAntppzNpJnYy7eGqPipELJ3pnK
1997/950369.97.pos,QmdyKjgxB2QBnEJmwBi6k4UV3yNHYcKYBgoqif9VGkmLeW
1997/950370.97.pos,QmTEyPRis3EH6wC3SQP1ZYXhVBB9xCb71yeDmMDWMw4EfF
1997/950371.97.pos,QmNj44LCCAbtczo5fHdPy68BchFCid51c6uUmTZrDZUmVW
1997/950372.97.pos,QmX1vaoR8wNwqwwLZNPHXczJRQLsjxpwNMsXbuuJLNZdfb
1997/950373.97.pos,QmTWC8kzNQ69zyMntQsbWLZh8PeZpnNWYocR7jdzTXXsvz
1997/950374.97.pos,QmXsNgf6tcD1cKDcb7ZjMG3rYoprxjs7i8t71WEE1UuY4s
1997/950375.97.pos,QmUaWLXfwjA3nC1EgcHagZWp3JtFGqab8BkhuU2Qci9V4B
1997/950376.97.pos,QmSkoXYvX6rTDn6qRu9JHvUWDJGXuuZUNnd8P8YEt57z5P
1997/950377.97.pos,QmeutkeCqWsYUtJwqSVB26CD1PnhfRSv3K9BobZow4EzKk
1997/950378.97.pos,QmYL3KmJFdNbPVNV1tRGj9XzLTZGvb9HuRp1ynzHeAnMjy
1997/950379.97.pos,QmZY8UMbRJcXYFzHCSnzFBG5TiHr6fJXVazp9ZqNDCXYWf
1997/950380.97.pos,Qmc5m94Gu7z62RC8waSKkZUrCCBJPyHbkpmGzEePxy2oXJ
1997/950381.97.pos,QmaX8PsZ4i2GX9GgP17ssogskCzt9BXRZJb4CtAKameHSS
1997/950382.97.pos,QmczL8ncH2FEX75wbVqmeLTGcz1GpkPjCyebmxB9YkFb3V
1997/950383.97.pos,QmdXHzC891Q8odV65K6VTFafrqzqqiPmh1R7H3tzWLZmp6
1997/950384.97.pos,QmUv926n8ayRkKcjeqWnbNXXKNWyt3t7d3vFuqjVtEyAC4
1997/950385.97.pos,QmNNDEsBQWt2NukTCK7UhoqLWMon6h2prgJX7YfZkC9r8M
1997/950386.97.pos,QmdUAcnronmotc44J5GThAihzWuDRZrnkJMXgsN8Gbj2oC
1997/950387.97.pos,QmdSi8Tmeb9eZkWpw4hwKwzZbn5hbfw3trMzyKLuQ9bVV6
1997/950388.97.pos,QmWz3m8qW3zFZUjHWqqrBsywXZxxSHusSoAQUJjj9yihS4
1997/950389.97.pos,QmRy7XKGNdLVSSzN2o3zqaiTeFiahS7F4mZPQVv8tXxZLZ
1997/950390.97.pos,QmSyHKjPj2qftBJu3pPCvRAHNAdW5YpXnmw9wAt7jUTPxa
1997/950391.97.pos,QmU5SC5onfRgB7EtzYLPUUfWCWmkrB43zMdDRSuf6Cdg4b
1997/950392.97.pos,QmXPPCCkY8zJ8XZgCqqpW8cibLq7TEWjGQExL1UVRFTFNq
1997/950393.97.pos,QmaBEeeTMJU5cEfuaHYsbb3GjZPJQMaedBr4SDMZGcY8fJ
1997/950394.97.pos,QmbgnPyKUpZKpTZ6iYghKWfpqwqESVX7JXEkZZC23PFtAN
1997/950395.97.pos,QmQLjuhXdonMgcVauxgBGbaKcW9CVh9iHdEyH3rv8daA5m
1997/950396.97.pos,QmfHozBsYxDXbc3YmHu7KpL6xg1TSXxtkcDVB9JxPr5DTt
1997/950397.97.pos,QmWVeF6A9B55zy882SmK7kpZJ8w4GNUHR6DerMx7EYUhSX
1997/950398.97.pos,QmUvNcAreqWFMhC2Rmhp5euafqZFjvTETuBQ4S8RLKeU4k
1997/950399.97.pos,QmfEJeUs8fCE3HG3JZ4vWBqoA7oQmkV5YZ3t3AwP6B2y8H
1997/950400.97.pos,QmT7MDUghjPxcmroYWuK8azhgWK7gqam9HnsT2gZS9Sh9D
1997/950401.97.pos,QmcGQYNA42S8xGwneYu1CBbakQeNUVP59RU5F9WanLCwLa
1997/950402.97.pos,QmS1bJ95dK2UqwpfNnh4q3QnhsUx4Xj5ZjvtsiJw6Eyf3S
1997/950403.97.pos,QmePFqhSu68XUxNMeV2movwYpFmKKUfxerMS2A34CTFMNV
1997/950404.97.pos,Qmety1EqpujZmyzPibFAXktFFPfwLYUF5rvMMy43tuQC3P
1997/950405.97.pos,QmaiDfpNZP9FGPF2RYMpKbzrQvx7rvFcGw8JyVUhUNrRAT
1997/950406.97.pos,Qmeo1SRCj99pDZbJtxgef38rLjBN9ifaKGfRkcNN1G8ECA
1997/950407.97.pos,QmdoZKzP5HZVXTsJEgBQBSUcLhkezu5qMNubuC8eUpUx3q
1997/950408.97.pos,QmYP9KW4DEG1PzRCazqK2mFYmMbKnEmbSFSWkQERcS3YwW
1997/950409.97.pos,QmTKK1TME688eLwv2uMV3hGqbm9vyvHZ1Y13usHHmzemjm
1997/950410.97.pos,QmbS5w7Qeav9sbug32VYBYDjVwHeD2ZLhvDzYubzkCgr97
1997/950411.97.pos,QmPVehXqqq3VYpcSQWvRu4MGKrVYbwcSKJaM4oDmEm3RA7
1997/950412.97.pos,QmcNHmVrV1f8TRtcpioGL1tUrTGbYBTvKA8mBzJJ7kER54
1997/950413.97.pos,QmZy9fj1C5gGs4JkVEt13ifvztzdHPvbVx9yhTf2dnLSkd
1997/950414.97.pos,QmRb52toYCqTwCyFdsb4iDc4j4oNbyUdActqRPxpTw5NE9
1997/950415.97.pos,QmV1gpJ6wDKU9d4JwPSnfiBWYKxQX3Awj5JYC5gJvZ32fF
1997/950416.97.pos,QmdEzbsMWuqFvz3Fv5GPknTKQ1t67ypbSMgXamMEWd6vri
1997/950417.97.pos,QmRPEGzq6LiyNNYZCrYaX3VvEQzBsxoy15NopZaSCTYaum
1997/950418.97.pos,QmdBhsWtVYngk8n2bS7GmARPQEHANmfKcUxGatt8vByF6M
1997/950419.97.pos,QmdThmf2NL4kFySPoAgmFdKU1WaQzJ6sT84UhQNf6KdMLA
1997/950420.97.pos,QmcLvpyCF81r7Ppp2fX6Nr7snWxpgzQfHoajLYT9Q2BaT1
1997/950421.97.pos,QmV6RkmhxwRa1eeV2JUhVRajtithkpGiWTWWbQXeACV99M
1997/950422.97.pos,Qmet6RV1SLDzYAyBB8xTevYzzcKavtAHLF5Z2PrD6HRhx5
1997/950423.97.pos,QmdvHJToXdn6LQ9Z6BkE1ALr8Afihmqn1mAbuFYo8ew1gC
1997/950424.97.pos,QmTWBaYC2MWWsmyh1gxsQXD6haVtcvQz3BRzEo6vGWmoDo
1997/950425.97.pos,QmUMNGg8GBjHGWkte6KtwHMDgTbicyW7iWQcBuWN5EBMEV
1997/950426.97.pos,QmNzmwkfs8jCZ4SeigG7oVJnikDTnQRr8fPRnCGaZRUNRY
1997/950427.97.pos,QmRkwtQ8vt4zoaa3ENgCHPwr6B393MYimiK2A8BwvnDEvi
1997/950428.97.pos,QmeViA7zYjUpCb9sZ5jtL3E2WC25iyp6WAQ7KpFx6qhuGa
1997/950429.97.pos,QmRQrsC4RSACgdwC8PXnfvFENwAp43SiHM82PDz46NNrTY
1997/950430.97.pos,QmbXfbDgCJxXJYcJNrqUECPtbUXxDBUBGkjG816Gvx2uBD
1997/950431.97.pos,QmV6Uh9xBLb76LcaUnc2fVTMm1GmpXknEwLgcM4QCtMsUt
1997/950432.97.pos,QmczcdUiu3AWe1jePdYJF2ioyFjp9q3cMdQkDVEuRLKeSB
1997/950433.97.pos,QmSpT5pyxkqYzGi6fHDytkWVZsg6sGRiPmMdP5kQ8mYbwT
1997/950434.97.pos,QmPPd1yZ8QqtYc7PrAL2xaA4q3xCLNJPU38NJAxx5V4QnL
1997/950435.97.pos,Qmbq9NzcXkbvXJMRsqjjKXhhxVDAz3ddtJMjGqZcwnai7T
1997/950436.97.pos,QmYQxdzZMnVMW9JyUquZCGU3aW1vMB7LiQJaiZcnV61PaQ
1997/950437.97.pos,QmUzR2hK4kASYAkzdcgzJuhvZh1DhYTWtgQZAdMHMHDtwu
1997/950438.97.pos,Qme67LEPofHAmMtn7rvzpu3SXn1FecnLtACBNz6zmroWke
1997/950439.97.pos,QmZrNfn8hKUhvdJyhyv2rofuNAeXZmip3xAVS83UeS76XZ
1997/950440.97.pos,QmbH4JRyZjFg7jYH1wWdVD9C2JAfEFWmQYwmFw8AN3sNKv
1997/950441.97.pos,QmVJcMrggejMMDbuAYJSvTVcNFGE4Und2oSeq7GSqyP3L6
1997/950442.97.pos,QmX8yV68THj76bnTJkdHE3rnpRqZwfvbMcKwG4EPkt5fNg
1997/950443.97.pos,Qme3s6Wkh58TkWH3LFwrSKkVKghFnRrica3KtVNHqSLdFv
1997/950444.97.pos,QmRYznSoETdj6tb3EB4TTgiYfjMmk3Dmmbag2FBHXwNsaJ
1997/950445.97.pos,QmSPwFv3QpNtPp5JzwC2777eC1ByVMqte1fHzJ3jv8QpS4
1997/950446.97.pos,QmPxixC8xxDEx1pXVqHApDJnNz3fQRGVXJqucZEtNmr5uV
1997/950447.97.pos,QmRRBsaQguczbowNryBBnCZPn2N784pezs6KJFVjNerRwS
1997/950448.97.pos,QmaPdytSNMJPsAjGvECapKyh6L9sQfdPqbdA927AGahsad
1997/950449.97.pos,QmVPHBQ8oqSAjTRs1QAS7w9QYd4EfJUpyvN9yXuHG2ybrA
1997/950450.97.pos,QmWYhnBUnkD7Yw3fTM2ipasPtDkJJy2VTF2WyeqCnTppgs
1997/950451.97.pos,Qme21M6z4j1AA7g2zJNvfkBVBZX1MotQkSSSKSvzXaLGbw
1997/950452.97.pos,QmQNbckhsAfTj3iGycnrubNGZmebRthNWYZQJxMEgAMBcL
1997/950453.97.pos,QmbPGSXoLLQkiqBFJcMtAmcR3QnHxkHEESYu1v1QKwrzHh
1997/950454.97.pos,QmebvszeVMmKCktEiYXLGDkXysKq3XAEtRp9xBBGWVd64Z
1997/950455.97.pos,QmYYyYuWxoPGbgGVyUVewkSKNwiZoBGFAd6CaZLVsikB73
1997/950456.97.pos,Qmccg8AoUYny6LHCR3wZaKBrENDsxvBzmiLMf8V72LvXrq
1997/950457.97.pos,QmcK2mzrfYL1hyu4ToK5gzBbu9f2eRUijDHHDBmTEuXncH
1997/950458.97.pos,Qma6qd4kqZBNjSYKBHShpyXy79mhXNJkYJfssAP6Wq5H6j
1997/950459.97.pos,QmbTDtUDkYGjZMv5nEceiBu6DuYjZxku2waeNLrRvFeTac
1997/950460.97.pos,QmYzTpeBwQkatsnEgk2PSDqC1D1yi5vkDCaTqptU5bXuUg
1997/950461.97.pos,QmUpZgHdB61qr6iQgqytBZWzhyfnxub868LYrQ7y4NkmBh
1997/950462.97.pos,QmRYdBnSfAWj5HjpGXMxiD3K4JWRyNn3rh3pTG8YbjavUX
1997/950463.97.pos,QmbXfVYzVrVJXWBT9jBmTPCgqn3HqSdrgotHyBTxWaXPwz
1997/950464.97.pos,QmZ8LaLHfX7kfX3WV2FRMDpYHdHMTjTeN1amw2PgP6iDx4
1997/950465.97.pos,QmPczqsZxhPr9Lk5SVK2kd2STpARn7u2k6YWN1p5aTYvYA
1997/950466.97.pos,QmYYC339np4AS38AUToes91p2F7vR1KiySXEZkbe7L3fae
1997/950467.97.pos,Qmdmtim9XcffR4Vy42YDBLqUh5iJwBapL47Qzifw9h6XbW
1997/950468.97.pos,QmRktcSbB8oPbCggTytHxjKViJwcMYBWry5QwWaFXMHyuA
1997/950469.97.pos,QmW4x51Q3Sk5qikw64HaMkPUwbSLcrFZV1BidH7svhaBoZ
1997/950470.97.pos,QmX5WHHeHU3oGPPSDEiDBribtb3ZLrD5hCya9KLxvWze6T
1997/950471.97.pos,QmYDzWVu278fiRGBzWKDTL5WMeuxRJtW74sAwGfk6MskB8
1997/950472.97.pos,QmQL159PXHxccZK4oCkEGxfof8FsCZuSvAcH7o2rdmak9E
1997/950473.97.pos,Qmd1tnF5GrS3e2gizwgfEmuUAFhtiuktW5cGnaLStwsyp3
1997/950474.97.pos,Qmcr2FNBmCPPTHpLvJ5d3Vif5jesttaQMNYDeAbJwpGtJp
1997/950475.97.pos,QmfXurbQWUctUnKd1Lbmg2mvREVH3mJZNWWEEVzG17f92G
1997/950476.97.pos,QmUQrv7WZN8PjxKw3T7uPKbypehftGWfL3YxQ5VZ4ss8f1
1997/950477.97.pos,QmXbToo8H8hQRLpQhdWPtdoRrBytHkVgd8PXTFkozeoD8M
1997/950478.97.pos,QmbYqko6dRQHrmE1GtbYjJDVtvEigyfJB2dXJNdDT8U6mS
1997/950479.97.pos,QmV2jwrCK2D3q3XHkie7j7uCjsTZe2bfAhCGXeRaKgaA3p
1997/950480.97.pos,QmWu9xNstz3GCEJMRkmuydtFwpAZNuyKQs4oUb3iNKdDKq
1997/950481.97.pos,QmPeZbdgNCqef1uYqQUUxWWiT5PBqRP4VxXExNKPLw7mdb
1997/950482.97.pos,QmbPX7KtboftQcDvaQMd7sRU3KSVced22kEDnyUBm5skn7
1997/950483.97.pos,Qmc4BuM2DaW2oKdR6MT5PALKMtQRR2YVv8eewFUVf5JU9v
1997/950484.97.pos,QmS2VwT7oWRdtHyNKtJRvJ86ZoE486Fev6fSaY4aTBPgXJ
1997/950485.97.pos,QmXEhFA5SzjkRKe3Lh4SW6YS59mPQVRtYKRQeEjFz3cYH2
1997/950486.97.pos,QmSCjxsHbQ5cHfrRB9GEroaA9rfzwN5voUSLRJdLMLshhC
1997/950487.97.pos,QmdAG8kt5t1HTYPq7NscXcAZvtt3fPba5o7Uw9ALPWDGB9
1997/950488.97.pos,QmNmwLqWfUKn9pvQePs8jichzcmBjmvHsTj4E3pMKYZYHy
1997/950489.97.pos,QmWdCowhuzcnzGCNMG1mPug4ALa3aXgVEHCa3ZHcgiZC7Z
1997/950490.97.pos,QmR7yj4ZGhwipjj5r7xuL1h8LhZGzmUGsaYUuVpRfTpjup
1997/950491.97.pos,QmUNvkV1P3pR44EZNwnig89BNavmGpTvmmV9MwxHQ7nAF8
1997/950492.97.pos,QmRBkgb4AaMFbbz5D4TZMcLZz1ZvJqM1igmEsvYUTSoJht
1997/950493.97.pos,QmNWWF27r8QtypDy3CpnAtaATNTvfkZPyp85FGxvG2MtUY
1997/950494.97.pos,QmfDqgWXfuRVeSSxXYBCq7uxJuvZjKHCFARe25zB9v5FXq
1997/950495.97.pos,QmVZWvNQegpjyRSb1FtWQSZSeTnVhXKX7DPLdR4tb6s5wd
1997/950496.97.pos,QmXCwZuJixw7qKwZWFEhsdgpFi5UapGkKSZByMVZEo8wim
1997/950497.97.pos,QmZ9Ng6Q7215nceFNdKew196VJkztUyYWhyz6txk2czbTf
1997/950498.97.pos,QmYCunoUCAAEULU3q8Hw4KYNQy7AbiRhRvC7VQtnksqgdL
1997/950499.97.pos,QmWdoiMAnbWycrpubMpjExvRhCMk8UxnkxCHUMdRQhLV1D
1997/950500.97.pos,QmYrfAjhfzh1n8auSpuBoP1H2SKgxhRZUFsCHSspSiDozC
1997/95105.97.pos,QmUaByFwXqWMcyC7PsEacBeWinNacNBVGJ2nrYTpAybSka
1997/95113.97.pos,QmZWVpdibpcJKMvRAAWAcmaerJMyS6FrvVnedJjB1eX95P
1997/960501.97.pos,QmUoxWdTTrGaehAvYCePGibtVsuKrt4xpQqPntQX6EmCq4
1997/960502.97.pos,QmNmb22YkaHWicHYhXKci7Bghs9Ty4jBj7RqbTLFFn6E66
1997/960503.97.pos,QmXBGo3asYjZgyfChjgcwwwfTMtA6GRGdXwH2UyPNsegS9
1997/960504.97.pos,QmVWZPDyedhkZ7pnPSsA8oMXRFMiB89UE7EoXvhWUFn66E
1997/960505.97.pos,QmNUikuqMPdUUiDMdxc4EHqCvL7RbT7pSmFQK7SJTj7hMr
1997/960506.97.pos,QmPK7Z2kTeNpCabHLNLxTkuTt3Ff8tJostHpEZcNsBwWsb
1997/960507.97.pos,QmX6XML5M9Z8pvqkYvJuqYdBpt69P6ucxyHgxtwrC46846
1997/960508.97.pos,QmUmorNrX54YUQS4euryNZRCkBJuqN4XYQshHeDkpCBHGh
1997/960509.97.pos,QmY7XVLU9DPfQ1J1xYTKYJB5ETGx4JVCyBf8tM1tV7zKBK
1997/960510.97.pos,QmTsyXKePMJVVH8f4EtJeHTXtAFovvMsSnPGwNi3Q1S1wP
1997/960511.97.pos,QmXzbVEqgw48rDgggu6FW2MQ7GVYS5kE7WUpPG79bwTc6n
1997/960512.97.pos,QmeBdCRU9wN1VFBcbh5ugDRGjHjaJ6pxEmGSi3DgRAcmhG
1997/960513.97.pos,QmSYRUUJXYySMSJsG6RWJ8iTorj9VwvcN8bZUEog2NAYwm
1997/960514.97.pos,QmNepxZRvi5Y2d3vXx6MtVAaPgJEzKN6kEXwsYxLzR8PcH
1997/960515.97.pos,QmaBShnoXcL2hViZK9FYu1uFWjTRHJmH62HkWy5UKW1VeW
1997/960516.97.pos,QmUbSNpg5SEbwffDHNDvpwsppBidGUEoPRq7PLo7b5ohSH
1997/960517.97.pos,QmbAhRsRRVUtiLrS8NEyuPU1FbYB4WhogJZpxB4RejCQjy
1997/960518.97.pos,QmWw8n7C4A36C3sX9AagegUUQStvDhgKuh6P8cDTYhHAmu
1997/960519.97.pos,QmV4r48pn2kQezcvyGGWUrjsba4jCPz1ucQXC1auGsS6bU
1997/960520.97.pos,QmPRYjjH4treTAjzNVzwdShCekpUfCYq4zVE6kSYkzwkMt
